{
  "lattice": "AbgB6wE6AWsBuwHrAfsB6w==",
  "beta_j": 0.23331999999999997,
  "beta_h": 0.4,
  "j2j1ratio": -0.5,
  "beta_energies": [
    -20.33272000000001,
    -11.26648,
    -15.86608,
    -15.7328,
    -15.399439999999998,
    -16.599600000000002,
    -16.86616,
    -12.46632,
    -15.666320000000004,
    -17.133039999999994
  ],
  "magnetizations": [
    0.375,
    0.3125,
    0.21875,
    0.25,
    0.21875,
    0.375,
    0.3125,
    0.25,
    0.375,
    0.46875
  ],
  "sweeps": 800,
  "compress": "rle",
  "lattice_size": 4
}