{
  "lattice": "eJyLV6v6n2EkkwsADrwDIg==",
  "beta_j": 0.18471166666666666,
  "beta_h": 0.6,
  "j2j1ratio": -1,
  "beta_energies": [
    -10.710773333333332,
    -22.89924,
    -23.082700000000003,
    -20.49924,
    -16.710773333333332,
    -19.4827,
    -15.421546666666668,
    -18.188466666666667,
    -16.80500666666667,
    -18.005006666666667
  ],
  "magnetizations": [
    0.125,
    0.25,
    0.3125,
    0.1875,
    0.28125,
    0.21875,
    0.09375,
    0.28125,
    0.1875,
    0.21875
  ],
  "sweeps": 800,
  "compress": "deflate",
  "lattice_size": 4
}