{
  "lattice": "eJyLilq6NCpq6VIAEMoD/Q==",
  "beta_j": -0.27706749999999997,
  "beta_h": 0.2,
  "j2j1ratio": 0.5,
  "beta_energies": [
    -106.39392000000015,
    -106.39392000000015,
    -106.39392000000015,
    -106.39392000000015,
    -106.39392000000015,
    -106.39392000000015,
    -106.39392000000015,
    -106.39392000000015,
    -106.39392000000015,
    -106.39392000000015
  ],
  "magnetizations": [
    0,
    0,
    0,
    0,
    0,
    0,
    0,
    0,
    0,
    0
  ],
  "sweeps": 100,
  "compress": "deflate",
  "lattice_size": 4
}