{
  "lattice": "eJxbujQqaunaqCgAEzoEBQ==",
  "beta_j": -0.19274260869565216,
  "beta_h": 0,
  "j2j1ratio": 0.5,
  "beta_energies": [
    -69.38733913043475,
    -69.38733913043475,
    -74.01316173913042,
    -64.76151652173908,
    -69.38733913043475,
    -64.76151652173908,
    -74.01316173913042,
    -69.38733913043475,
    -74.01316173913042,
    -74.01316173913042
  ],
  "magnetizations": [
    0.03125,
    -0.03125,
    0,
    0,
    -0.03125,
    0,
    0,
    -0.03125,
    0,
    0
  ],
  "sweeps": 100,
  "compress": "deflate",
  "lattice_size": 4
}