{
  "lattice": "B/8Bvw==",
  "beta_j": 0.26076941176470586,
  "beta_h": 0.4,
  "j2j1ratio": 0,
  "beta_energies": [
    -71.73849411764704,
    -71.73849411764704,
    -62.03695058823527,
    -75.6677270588235,
    -62.03695058823527,
    -71.73849411764704,
    -71.73849411764704,
    -68.85233882352938,
    -71.73849411764704,
    -71.73849411764704
  ],
  "magnetizations": [
    0.96875,
    0.96875,
    0.875,
    1,
    0.875,
    0.96875,
    0.96875,
    0.9375,
    0.96875,
    0.96875
  ],
  "sweeps": 800,
  "compress": "rle",
  "lattice_size": 4
}