{
  "lattice": "eJyLilq6NCpq6VIAEMoD/Q==",
  "beta_j": -0.24628222222222224,
  "beta_h": 0.4,
  "j2j1ratio": 0.5,
  "beta_energies": [
    -94.57237333333339,
    -94.57237333333339,
    -89.46160000000005,
    -89.46160000000005,
    -87.86160000000005,
    -94.57237333333339,
    -94.57237333333339,
    -94.57237333333339,
    -89.46160000000005,
    -94.57237333333339
  ],
  "magnetizations": [
    0,
    0,
    0.03125,
    0.03125,
    -0.03125,
    0,
    0,
    0,
    0.03125,
    0
  ],
  "sweeps": 100,
  "compress": "deflate",
  "lattice_size": 4
}