{
  "lattice": "eJz7/x8Evv8HACPUB/E=",
  "beta_j": 0.18471166666666666,
  "beta_h": 0.2,
  "j2j1ratio": 0.5,
  "beta_energies": [
    -78.89619999999996,
    -78.89619999999996,
    -83.72927999999997,
    -83.72927999999997,
    -83.72927999999997,
    -74.06311999999996,
    -74.43254333333329,
    -83.72927999999997,
    -74.06311999999996,
    -78.89619999999996
  ],
  "magnetizations": [
    0.96875,
    0.96875,
    1,
    1,
    1,
    0.9375,
    0.9375,
    1,
    0.9375,
    0.96875
  ],
  "sweeps": 800,
  "compress": "deflate",
  "lattice_size": 4
}