{
  "lattice": "CP8=",
  "beta_j": 0.20150363636363636,
  "beta_h": 0.4,
  "j2j1ratio": 0.5,
  "beta_energies": [
    -102.97739636363639,
    -102.97739636363639,
    -102.97739636363639,
    -102.97739636363639,
    -97.34130909090909,
    -102.97739636363639,
    -102.97739636363639,
    -102.97739636363639,
    -102.97739636363639,
    -102.97739636363639
  ],
  "magnetizations": [
    1,
    1,
    1,
    1,
    0.96875,
    1,
    1,
    1,
    1,
    1
  ],
  "sweeps": 800,
  "compress": "rle",
  "lattice_size": 4
}