{
  "lattice": "eJxLtFxTI29+LBMADikDSA==",
  "beta_j": -0.18471166666666666,
  "beta_h": 0,
  "j2j1ratio": -0.5,
  "beta_energies": [
    -5.171926666666668,
    -6.649620000000001,
    -2.9553866666666666,
    -2.9553866666666666,
    -8.496736666666669,
    -4.802503333333334,
    -7.7578900000000015,
    -7.7578900000000015,
    -5.5413499999999996,
    -1.8471166666666663
  ],
  "magnetizations": [
    0.0625,
    0.0625,
    0.125,
    -0.09375,
    0,
    0.03125,
    -0.09375,
    0.09375,
    -0.03125,
    -0.0625
  ],
  "sweeps": 100,
  "compress": "deflate",
  "lattice_size": 4
}