{
  "lattice": "AX4BRwELAZgBCwHfAV8BRQ==",
  "beta_j": 0.27706749999999997,
  "beta_h": 0.6,
  "j2j1ratio": -1,
  "beta_energies": [
    -24.657129999999995,
    -25.948860000000003,
    -34.90674999999999,
    -38.04809999999999,
    -28.44059,
    -26.87366999999999,
    -29.181939999999997,
    -32.32329,
    -30.748859999999993,
    -29.457129999999992
  ],
  "magnetizations": [
    0.09375,
    0.15625,
    0.1875,
    0.125,
    0.25,
    0.09375,
    0.125,
    0.0625,
    0.28125,
    0.21875
  ],
  "sweeps": 800,
  "compress": "rle",
  "lattice_size": 4
}