{
  "lattice": "eJzrZw7dar503ToADvED1Q==",
  "beta_j": -0.221654,
  "beta_h": 0.4,
  "j2j1ratio": -1,
  "beta_energies": [
    -18.359088,
    -17.212624,
    -23.678784,
    -28.198479999999996,
    -26.425247999999996,
    -24.738631999999996,
    -17.559088,
    -21.105552,
    -28.371712,
    -27.225248
  ],
  "magnetizations": [
    0.09375,
    0.1875,
    0.09375,
    0.0625,
    0.0625,
    0.03125,
    0.0625,
    0.0625,
    0,
    0.09375
  ],
  "sweeps": 100,
  "compress": "deflate",
  "lattice_size": 4
}