{
  "lattice": "eJz7PefDv7R39cYAHE0FjA==",
  "beta_j": 0.18471166666666666,
  "beta_h": 0.4,
  "j2j1ratio": -0.5,
  "beta_energies": [
    -15.449620000000005,
    -8.30827,
    -13.727313333333338,
    -13.17192666666667,
    -12.680196666666667,
    -13.047116666666668,
    -16.06365666666667,
    -9.600000000000001,
    -14.95538666666667,
    -14.033080000000005
  ],
  "magnetizations": [
    0.34375,
    0.28125,
    0.21875,
    0.3125,
    0.25,
    0.4375,
    0.46875,
    0.375,
    0.46875,
    0.375
  ],
  "sweeps": 800,
  "compress": "deflate",
  "lattice_size": 4
}