{
  "lattice": "eJyLeq8ntfn+rU8AEwYE8A==",
  "beta_j": -0.19274260869565216,
  "beta_h": 0.6,
  "j2j1ratio": -0.5,
  "beta_energies": [
    -12.683881739130435,
    -10.625822608695652,
    -11.353248695652173,
    -8.698396521739129,
    -9.258059130434782,
    -12.254852173913042,
    -12.167763478260866,
    -11.054852173913043,
    -13.454852173913043,
    -11.614514782608696
  ],
  "magnetizations": [
    0.25,
    0.15625,
    0.125,
    0.15625,
    0.28125,
    0.21875,
    0.15625,
    0.1875,
    0.25,
    0.3125
  ],
  "sweeps": 100,
  "compress": "deflate",
  "lattice_size": 4
}