{
  "lattice": "eJz7FL186Z7SwFcAFxMFBg==",
  "beta_j": -0.24628222222222224,
  "beta_h": 0.4,
  "j2j1ratio": 0,
  "beta_energies": [
    -18.776933333333332,
    -20.502577777777788,
    -21.917448888888895,
    -29.98360888888891,
    -31.95386666666669,
    -39.22002666666668,
    -25.48770666666667,
    -32.509253333333355,
    -45.13080000000003,
    -33.12412444444447
  ],
  "magnetizations": [
    0.15625,
    0.03125,
    0.125,
    0.09375,
    0.09375,
    0.03125,
    0.1875,
    0,
    0.03125,
    0.0625
  ],
  "sweeps": 100,
  "compress": "deflate",
  "lattice_size": 4
}