{
  "lattice": "Af4ByAFsAd4B7AH/AT4BrQ==",
  "beta_j": 0.2110990476190476,
  "beta_h": 0.2,
  "j2j1ratio": -0.5,
  "beta_energies": [
    -6.933188571428575,
    -9.621763809523806,
    -7.9329714285714275,
    -6.310773333333334,
    -6.510990476190477,
    -10.510556190476187,
    -11.53297142857142,
    -10.42176380952381,
    -10.332971428571428,
    -10.755169523809524
  ],
  "magnetizations": [
    0.34375,
    0.125,
    0.125,
    0.03125,
    0.34375,
    0.0625,
    0.40625,
    0.1875,
    0.3125,
    0.3125
  ],
  "sweeps": 800,
  "compress": "rle",
  "lattice_size": 4
}