{
  "lattice": "eJz7/x8CACPkB/k=",
  "beta_j": 0.19274260869565216,
  "beta_h": 0.2,
  "j2j1ratio": 1,
  "beta_energies": [
    -123.81974260869563,
    -123.81974260869563,
    -123.81974260869563,
    -123.81974260869563,
    -123.81974260869563,
    -123.81974260869563,
    -123.81974260869563,
    -123.81974260869563,
    -123.81974260869563,
    -123.81974260869563
  ],
  "magnetizations": [
    1,
    1,
    1,
    1,
    1,
    1,
    1,
    1,
    1,
    1
  ],
  "sweeps": 800,
  "compress": "deflate",
  "lattice_size": 4
}