{
  "lattice": "Ad4B7wECAbsBZwE2AbIB/w==",
  "beta_j": 0.23331999999999997,
  "beta_h": 0.6,
  "j2j1ratio": -0.5,
  "beta_energies": [
    -18.266239999999996,
    -24.999599999999994,
    -24.199440000000003,
    -27.466400000000007,
    -18.733359999999998,
    -24.9328,
    -25.0664,
    -24.799680000000002,
    -21.399599999999992,
    -26.399519999999995
  ],
  "magnetizations": [
    0.28125,
    0.46875,
    0.375,
    0.59375,
    0.5,
    0.40625,
    0.53125,
    0.5,
    0.375,
    0.46875
  ],
  "sweeps": 800,
  "compress": "rle",
  "lattice_size": 4
}