{
  "lattice": "eJyTn/3/tf3uEFYAE6gD+A==",
  "beta_j": 0.19274260869565216,
  "beta_h": 0.2,
  "j2j1ratio": -0.5,
  "beta_energies": [
    -10.15324869565217,
    -8.240337391304346,
    -10.124219130434781,
    -3.483881739130434,
    -8.167763478260868,
    -12.422615652173912,
    -7.411307826086955,
    -8.138733913043476,
    -10.49518956521739,
    -7.4838817391304335
  ],
  "magnetizations": [
    0.28125,
    0.3125,
    0.21875,
    0.03125,
    0.15625,
    0.1875,
    0.1875,
    0.09375,
    0.1875,
    0.34375
  ],
  "sweeps": 800,
  "compress": "deflate",
  "lattice_size": 4
}