{
  "lattice": "eJzbtnXNm3bxpc8AF+AFLQ==",
  "beta_j": -0.26076941176470586,
  "beta_h": 0.6,
  "j2j1ratio": -0.5,
  "beta_energies": [
    -18.881548235294115,
    -15.595392941176465,
    -16.11693176470588,
    -13.301543529411763,
    -15.38769882352941,
    -19.038470588235285,
    -20.238470588235288,
    -15.43847058823529,
    -17.473854117647054,
    -14.187698823529406
  ],
  "magnetizations": [
    0.125,
    0.09375,
    0.09375,
    0.15625,
    0.15625,
    0.15625,
    0.1875,
    0.0625,
    0.15625,
    0.125
  ],
  "sweeps": 100,
  "compress": "deflate",
  "lattice_size": 4
}