{
  "lattice": "eJyrqDrfEie19CkAEoEESA==",
  "beta_j": -0.20150363636363636,
  "beta_h": 0.2,
  "j2j1ratio": 0,
  "beta_energies": [
    -18.53231999999999,
    -20.14434909090908,
    -11.678189090909086,
    -14.090218181818175,
    -5.230072727272727,
    -20.14434909090908,
    -6.054130909090907,
    -16.926305454545446,
    -21.350363636363625,
    -5.636087272727271
  ],
  "magnetizations": [
    0.0625,
    0.0625,
    0.09375,
    0.15625,
    0.09375,
    0.0625,
    -0.09375,
    0,
    0.09375,
    0.0625
  ],
  "sweeps": 100,
  "compress": "deflate",
  "lattice_size": 4
}