{
  "lattice": "AQcBxgGfAdcBBAEAAf0B1w==",
  "beta_j": 0.23331999999999997,
  "beta_h": 0.4,
  "j2j1ratio": -1,
  "beta_energies": [
    -21.33216,
    -16.799039999999998,
    -15.332639999999998,
    -17.332479999999997,
    -21.465439999999997,
    -21.99888,
    -25.465439999999997,
    -16.3992,
    -19.865759999999998,
    -18.932479999999998
  ],
  "magnetizations": [
    0.03125,
    0,
    0.125,
    0.09375,
    0,
    0.09375,
    0.15625,
    0.09375,
    0.15625,
    0.15625
  ],
  "sweeps": 800,
  "compress": "rle",
  "lattice_size": 4
}