{
  "lattice": "eJwzXVoVNX3pIy8AESoEFw==",
  "beta_j": -0.23331999999999997,
  "beta_h": 0,
  "j2j1ratio": 0,
  "beta_energies": [
    -24.265280000000015,
    -24.26528000000001,
    -13.065919999999998,
    -20.532160000000005,
    -5.599679999999999,
    -13.065919999999995,
    -12.132640000000002,
    -11.199359999999995,
    -28.931680000000018,
    -18.665600000000005
  ],
  "magnetizations": [
    0.03125,
    -0.09375,
    -0.03125,
    -0.09375,
    0.09375,
    -0.0625,
    0.0625,
    -0.1875,
    0.09375,
    -0.03125
  ],
  "sweeps": 100,
  "compress": "deflate",
  "lattice_size": 4
}