{
  "lattice": "CP8=",
  "beta_j": 0.24628222222222224,
  "beta_h": 0.6,
  "j2j1ratio": 1,
  "beta_energies": [
    -180.25856000000007,
    -180.25856000000007,
    -180.25856000000007,
    -180.25856000000007,
    -180.25856000000007,
    -180.25856000000007,
    -180.25856000000007,
    -180.25856000000007,
    -180.25856000000007,
    -180.25856000000007
  ],
  "magnetizations": [
    1,
    1,
    1,
    1,
    1,
    1,
    1,
    1,
    1,
    1
  ],
  "sweeps": 800,
  "compress": "rle",
  "lattice_size": 4
}