{
  "lattice": "eJyLilq6NEpq6VIAEAoDvQ==",
  "beta_j": -0.27706749999999997,
  "beta_h": 0,
  "j2j1ratio": 0,
  "beta_energies": [
    -49.87215000000006,
    -25.490209999999998,
    -46.54734000000005,
    -49.87215000000006,
    -37.681180000000026,
    -53.196960000000075,
    -33.248099999999994,
    -31.031560000000002,
    -35.46464,
    -49.87215000000006
  ],
  "magnetizations": [
    -0.03125,
    0.03125,
    0.0625,
    -0.03125,
    0.03125,
    0,
    0.1875,
    0,
    0.03125,
    -0.03125
  ],
  "sweeps": 100,
  "compress": "deflate",
  "lattice_size": 4
}