{
  "lattice": "AX0BLwFQAS0BZgG9AU4BIQ==",
  "beta_j": 0.23331999999999997,
  "beta_h": 0,
  "j2j1ratio": -0.5,
  "beta_energies": [
    -7.932879999999999,
    -10.732719999999999,
    -12.132639999999999,
    -6.532959999999999,
    -11.199360000000002,
    -9.799439999999999,
    -8.399519999999999,
    -11.665999999999999,
    -11.199359999999999,
    -14.465839999999998
  ],
  "magnetizations": [
    0.03125,
    0.09375,
    0.21875,
    0.09375,
    -0.0625,
    0.03125,
    0.15625,
    -0.0625,
    -0.03125,
    -0.0625
  ],
  "sweeps": 800,
  "compress": "rle",
  "lattice_size": 4
}