{
  "lattice": "CP8=",
  "beta_j": 0.27706749999999997,
  "beta_h": 0,
  "j2j1ratio": 0.5,
  "beta_energies": [
    -106.39392000000015,
    -106.39392000000015,
    -106.39392000000015,
    -106.39392000000015,
    -106.39392000000015,
    -106.39392000000015,
    -106.39392000000015,
    -106.39392000000015,
    -106.39392000000015,
    -106.39392000000015
  ],
  "magnetizations": [
    1,
    1,
    1,
    1,
    1,
    1,
    1,
    1,
    1,
    1
  ],
  "sweeps": 800,
  "compress": "rle",
  "lattice_size": 4
}