{
  "lattice": "eJz7///////f//8HACPMB/E=",
  "beta_j": 0.19274260869565216,
  "beta_h": 0.2,
  "j2j1ratio": 0.5,
  "beta_energies": [
    -81.78733913043476,
    -76.76151652173908,
    -81.78733913043476,
    -81.78733913043476,
    -86.81316173913042,
    -76.76151652173911,
    -76.76151652173908,
    -86.81316173913042,
    -81.78733913043476,
    -86.81316173913042
  ],
  "magnetizations": [
    0.96875,
    0.9375,
    0.96875,
    0.96875,
    1,
    0.9375,
    0.9375,
    1,
    0.96875,
    1
  ],
  "sweeps": 800,
  "compress": "deflate",
  "lattice_size": 4
}