{
  "lattice": "AXsB/wEAAWAB+wFvAUUBQA==",
  "beta_j": 0.27706749999999997,
  "beta_h": 0.4,
  "j2j1ratio": -1,
  "beta_energies": [
    -29.615019999999998,
    -38.17290999999998,
    -32.01501999999999,
    -29.181939999999994,
    -20.13232,
    -24.748859999999997,
    -38.972909999999985,
    -23.457129999999992,
    -36.323289999999986,
    -37.064639999999976
  ],
  "magnetizations": [
    0.03125,
    0.0625,
    0.125,
    0.1875,
    0.09375,
    0.1875,
    0.09375,
    0.09375,
    0.25,
    0.0625
  ],
  "sweeps": 800,
  "compress": "rle",
  "lattice_size": 4
}