{
  "lattice": "CP8=",
  "beta_j": 0.23331999999999997,
  "beta_h": 0.6,
  "j2j1ratio": 1,
  "beta_energies": [
    -172.79231999999993,
    -172.79231999999993,
    -172.79231999999993,
    -172.79231999999993,
    -172.79231999999993,
    -172.79231999999993,
    -172.79231999999993,
    -172.79231999999993,
    -172.79231999999993,
    -172.79231999999993
  ],
  "magnetizations": [
    1,
    1,
    1,
    1,
    1,
    1,
    1,
    1,
    1,
    1
  ],
  "sweeps": 800,
  "compress": "rle",
  "lattice_size": 4
}