{
  "lattice": "Ac8B7gF/ATsBuwELAa4B7g==",
  "beta_j": 0.20150363636363636,
  "beta_h": 0.4,
  "j2j1ratio": -0.5,
  "beta_energies": [
    -16.854130909090905,
    -16.46916727272727,
    -14.43608727272727,
    -10.803007272727275,
    -16.82405818181818,
    -8.463152727272726,
    -14.05713818181818,
    -9.215036363636365,
    -12.848116363636361,
    -12.403007272727272
  ],
  "magnetizations": [
    0.375,
    0.28125,
    0.375,
    0.40625,
    0.53125,
    0,
    0.25,
    0.28125,
    0.25,
    0.46875
  ],
  "sweeps": 800,
  "compress": "rle",
  "lattice_size": 4
}