{
  "lattice": "eJyLilq6NCpq6VIAEMoD/Q==",
  "beta_j": -0.26076941176470586,
  "beta_h": 0,
  "j2j1ratio": 0.5,
  "beta_energies": [
    -100.135454117647,
    -100.135454117647,
    -100.135454117647,
    -100.135454117647,
    -100.135454117647,
    -100.135454117647,
    -100.135454117647,
    -100.135454117647,
    -100.135454117647,
    -100.135454117647
  ],
  "magnetizations": [
    0,
    0,
    0,
    0,
    0,
    0,
    0,
    0,
    0,
    0
  ],
  "sweeps": 100,
  "compress": "deflate",
  "lattice_size": 4
}