{
  "lattice": "eJxTYGBgEGBgYAAAAUgAMQ==",
  "beta_j": 0.18471166666666666,
  "beta_h": 0,
  "j2j1ratio": 0.5,
  "beta_energies": [
    -62.063119999999955,
    -58.36888666666663,
    -62.063119999999955,
    -62.432543333333285,
    -70.92927999999998,
    -70.92927999999998,
    -66.49619999999996,
    -70.92927999999998,
    -66.49619999999996,
    -70.92927999999998
  ],
  "magnetizations": [
    -0.9375,
    -0.90625,
    -0.9375,
    -0.9375,
    -1,
    -1,
    -0.96875,
    -1,
    -0.96875,
    -1
  ],
  "sweeps": 800,
  "compress": "deflate",
  "lattice_size": 4
}