{
  "lattice": "eJxbukXu9dWvVVEAFugFAQ==",
  "beta_j": -0.24628222222222224,
  "beta_h": 0,
  "j2j1ratio": 0,
  "beta_energies": [
    -17.732320000000005,
    -38.420026666666686,
    -31.52412444444447,
    -29.55386666666669,
    -11.821546666666666,
    -11.821546666666666,
    -20.687706666666674,
    -18.717448888888892,
    -15.762062222222225,
    -21.672835555555565
  ],
  "magnetizations": [
    0.1875,
    -0.03125,
    -0.0625,
    0.03125,
    0.03125,
    0.09375,
    0,
    0.0625,
    0.0625,
    -0.0625
  ],
  "sweeps": 100,
  "compress": "deflate",
  "lattice_size": 4
}