{
  "lattice": "eJzLdO32//BtdRcAEoIEpA==",
  "beta_j": -0.19274260869565216,
  "beta_h": 0.6,
  "j2j1ratio": -1,
  "beta_energies": [
    -17.04843826086956,
    -22.532319999999995,
    -9.767763478260868,
    -14.909704347826086,
    -7.367763478260868,
    -17.906497391304345,
    -15.251645217391303,
    -12.851645217391303,
    -21.84843826086956,
    -17.135526956521737
  ],
  "magnetizations": [
    0.0625,
    0.125,
    0.09375,
    0.1875,
    0.03125,
    0.125,
    0.15625,
    0.09375,
    0.1875,
    0.125
  ],
  "sweeps": 100,
  "compress": "deflate",
  "lattice_size": 4
}