{
  "lattice": "AU0BXQHwAWAB6QH4ASkBeQ==",
  "beta_j": 0.20150363636363636,
  "beta_h": 0.4,
  "j2j1ratio": -1,
  "beta_energies": [
    -19.338334545454536,
    -14.466160000000002,
    -16.92630545454545,
    -15.278189090909091,
    -21.74434909090909,
    -19.296232727272724,
    -16.114276363636357,
    -15.27818909090909,
    -13.708261818181814,
    -17.71427636363636
  ],
  "magnetizations": [
    0.03125,
    0.21875,
    0,
    0.1875,
    0.09375,
    0.25,
    0.03125,
    0.1875,
    -0.03125,
    0.09375
  ],
  "sweeps": 800,
  "compress": "rle",
  "lattice_size": 4
}