{
  "lattice": "CP8=",
  "beta_j": 0.23331999999999997,
  "beta_h": 0.4,
  "j2j1ratio": 0.5,
  "beta_energies": [
    -115.19487999999996,
    -115.19487999999996,
    -115.19487999999996,
    -115.19487999999996,
    -115.19487999999996,
    -115.19487999999996,
    -115.19487999999996,
    -108.79519999999998,
    -115.19487999999996,
    -115.19487999999996
  ],
  "magnetizations": [
    1,
    1,
    1,
    1,
    1,
    1,
    1,
    0.96875,
    1,
    1
  ],
  "sweeps": 800,
  "compress": "rle",
  "lattice_size": 4
}