{
  "lattice": "CP8=",
  "beta_j": 0.24628222222222224,
  "beta_h": 0.4,
  "j2j1ratio": 0.5,
  "beta_energies": [
    -120.17237333333338,
    -113.46160000000005,
    -120.17237333333338,
    -120.17237333333338,
    -120.17237333333338,
    -120.17237333333338,
    -120.17237333333338,
    -120.17237333333338,
    -120.17237333333338,
    -120.17237333333338
  ],
  "magnetizations": [
    1,
    0.96875,
    1,
    1,
    1,
    1,
    1,
    1,
    1,
    1
  ],
  "sweeps": 800,
  "compress": "rle",
  "lattice_size": 4
}