{
  "lattice": "CP8=",
  "beta_j": 0.26076941176470586,
  "beta_h": 0.6,
  "j2j1ratio": 0,
  "beta_energies": [
    -88.4677270588235,
    -88.4677270588235,
    -84.13849411764703,
    -79.80926117647056,
    -88.4677270588235,
    -80.85233882352938,
    -88.4677270588235,
    -88.4677270588235,
    -88.4677270588235,
    -88.4677270588235
  ],
  "magnetizations": [
    1,
    1,
    0.96875,
    0.9375,
    1,
    0.9375,
    1,
    1,
    1,
    1
  ],
  "sweeps": 800,
  "compress": "rle",
  "lattice_size": 4
}