{
  "lattice": "eJxbpRV6cbWWz10AETAD+Q==",
  "beta_j": -0.27706749999999997,
  "beta_h": 0,
  "j2j1ratio": -1,
  "beta_energies": [
    -33.24809999999999,
    -28.815019999999997,
    -39.89771999999997,
    -39.89771999999997,
    -34.356369999999984,
    -36.572909999999986,
    -47.65560999999996,
    -35.46463999999999,
    -35.46463999999998,
    -37.68117999999998
  ],
  "magnetizations": [
    0,
    0.0625,
    0,
    0.03125,
    0.03125,
    -0.03125,
    0,
    0.03125,
    -0.03125,
    0
  ],
  "sweeps": 100,
  "compress": "deflate",
  "lattice_size": 4
}