{
  "lattice": "CP8=",
  "beta_j": 0.221654,
  "beta_h": 0.6,
  "j2j1ratio": 0.5,
  "beta_energies": [
    -123.51513600000001,
    -123.51513600000001,
    -123.51513600000001,
    -123.51513600000001,
    -123.51513600000001,
    -123.51513600000001,
    -123.51513600000001,
    -123.51513600000001,
    -123.51513600000001,
    -123.51513600000001
  ],
  "magnetizations": [
    1,
    1,
    1,
    1,
    1,
    1,
    1,
    1,
    1,
    1
  ],
  "sweeps": 800,
  "compress": "rle",
  "lattice_size": 4
}