{
  "lattice": "eJxbvHT/Dr/bX98CABhVBcs=",
  "beta_j": -0.18471166666666666,
  "beta_h": 0.6,
  "j2j1ratio": 0,
  "beta_energies": [
    -13.755386666666666,
    -16.16039333333334,
    -13.2,
    -9.877693333333335,
    -23.454626666666673,
    -14.310773333333334,
    -17.63308,
    -12.277693333333332,
    -13.294233333333333,
    -15.416540000000001
  ],
  "magnetizations": [
    0.28125,
    0.09375,
    0.34375,
    0.21875,
    0.1875,
    0.21875,
    0.34375,
    0.28125,
    0.25,
    0.34375
  ],
  "sweeps": 100,
  "compress": "deflate",
  "lattice_size": 4
}