{
  "lattice": "eJwTOvP7wamFq94BABe7Bb0=",
  "beta_j": 0.18471166666666666,
  "beta_h": 0.2,
  "j2j1ratio": -0.5,
  "beta_energies": [
    -6.680196666666666,
    -6.619043333333336,
    -6.649620000000001,
    -9.48019666666667,
    -7.510773333333333,
    -5.263656666666667,
    -7.110773333333333,
    -9.727313333333335,
    -7.694233333333337,
    -5.171926666666668
  ],
  "magnetizations": [
    0.03125,
    -0.03125,
    0,
    0.25,
    0.125,
    0.09375,
    0.09375,
    0.125,
    0.3125,
    0
  ],
  "sweeps": 800,
  "compress": "deflate",
  "lattice_size": 4
}