{
  "lattice": "AV0C9AHyAfAB6wF3AaA=",
  "beta_j": 0.26076941176470586,
  "beta_h": 0.4,
  "j2j1ratio": -1,
  "beta_energies": [
    -21.489242352941172,
    -25.590785882352932,
    -40.99387294117645,
    -33.935407058823515,
    -38.9077176470588,
    -25.661552941176467,
    -27.99078588235293,
    -22.532319999999995,
    -25.590785882352932,
    -18.603087058823526
  ],
  "magnetizations": [
    0.1875,
    0.0625,
    0.09375,
    0.0625,
    0.09375,
    0.1875,
    0.15625,
    0.1875,
    0.0625,
    0.15625
  ],
  "sweeps": 800,
  "compress": "rle",
  "lattice_size": 4
}