{
  "lattice": "CP8=",
  "beta_j": 0.24628222222222224,
  "beta_h": 0.6,
  "j2j1ratio": 0.5,
  "beta_energies": [
    -132.9723733333334,
    -132.9723733333334,
    -132.9723733333334,
    -132.9723733333334,
    -132.9723733333334,
    -132.9723733333334,
    -132.9723733333334,
    -132.9723733333334,
    -132.9723733333334,
    -132.9723733333334
  ],
  "magnetizations": [
    1,
    1,
    1,
    1,
    1,
    1,
    1,
    1,
    1,
    1
  ],
  "sweeps": 800,
  "compress": "rle",
  "lattice_size": 4
}