{
  "lattice": "AbcBmgEPAQIBvQETAb0BUw==",
  "beta_j": 0.24628222222222224,
  "beta_h": 0,
  "j2j1ratio": -0.5,
  "beta_energies": [
    -8.866159999999995,
    -6.89590222222222,
    -12.31411111111111,
    -11.821546666666663,
    -16.747191111111107,
    -10.343853333333332,
    -4.925644444444446,
    -4.925644444444446,
    -7.881031111111109,
    -9.851288888888888
  ],
  "magnetizations": [
    0.0625,
    -0.03125,
    -0.0625,
    0.125,
    0,
    -0.125,
    0.09375,
    0.1875,
    0,
    0.1875
  ],
  "sweeps": 800,
  "compress": "rle",
  "lattice_size": 4
}