{
  "lattice": "AVEBBQFfAcUBEQFRAfkBPQ==",
  "beta_j": 0.27706749999999997,
  "beta_h": 0,
  "j2j1ratio": -0.5,
  "beta_energies": [
    -14.961644999999997,
    -9.974429999999998,
    -7.757889999999999,
    -9.97443,
    -10.528564999999999,
    -16.624049999999997,
    -13.853374999999991,
    -11.636834999999998,
    -9.420294999999998,
    -18.286455000000004
  ],
  "magnetizations": [
    -0.03125,
    -0.0625,
    0.0625,
    -0.03125,
    0.1875,
    0,
    -0.1875,
    -0.03125,
    0.125,
    -0.125
  ],
  "sweeps": 800,
  "compress": "rle",
  "lattice_size": 4
}