{
  "lattice": "eJz7fjl0lW2VtC8AFboD6Q==",
  "beta_j": -0.23331999999999997,
  "beta_h": 0.6,
  "j2j1ratio": -0.5,
  "beta_energies": [
    -13.266319999999999,
    -12.53296,
    -11.59968,
    -15.465919999999999,
    -16.532799999999998,
    -11.59968,
    -13.99968,
    -11.59968,
    -13.799279999999998,
    -12.46616
  ],
  "magnetizations": [
    0.1875,
    0.15625,
    0.15625,
    0.0625,
    0.1875,
    0.15625,
    0.21875,
    0.15625,
    0.03125,
    0.09375
  ],
  "sweeps": 100,
  "compress": "deflate",
  "lattice_size": 4
}