{
  "lattice": "CAA=",
  "beta_j": 0.24628222222222224,
  "beta_h": 0,
  "j2j1ratio": 1,
  "beta_energies": [
    -141.85856000000007,
    -141.85856000000007,
    -141.85856000000007,
    -132.9924000000001,
    -141.85856000000007,
    -141.85856000000007,
    -141.85856000000007,
    -141.85856000000007,
    -141.85856000000007,
    -141.85856000000007
  ],
  "magnetizations": [
    -1,
    -1,
    -1,
    -0.96875,
    -1,
    -1,
    -1,
    -1,
    -1,
    -1
  ],
  "sweeps": 800,
  "compress": "rle",
  "lattice_size": 4
}