{
  "lattice": "Ae8B/wHvAb8BvAH/Ab8B7g==",
  "beta_j": 0.20150363636363636,
  "beta_h": 0.2,
  "j2j1ratio": 0,
  "beta_energies": [
    -29.350363636363625,
    -44.64659636363635,
    -41.82855272727271,
    -28.550363636363628,
    -41.82855272727271,
    -37.004494545454534,
    -22.514276363636355,
    -36.99847999999999,
    -32.168407272727265,
    -35.3864509090909
  ],
  "magnetizations": [
    0.71875,
    0.90625,
    0.875,
    0.65625,
    0.875,
    0.75,
    0.5625,
    0.8125,
    0.75,
    0.8125
  ],
  "sweeps": 800,
  "compress": "rle",
  "lattice_size": 4
}