{
  "lattice": "eJwLkz+84cZRjWcAEngElA==",
  "beta_j": -0.23331999999999997,
  "beta_h": 0,
  "j2j1ratio": -0.5,
  "beta_energies": [
    -6.066319999999999,
    -9.332799999999999,
    -6.999599999999999,
    -13.065919999999995,
    -5.599679999999999,
    -11.199359999999999,
    -8.866159999999999,
    -12.599279999999998,
    -7.932879999999999,
    -9.332799999999999
  ],
  "magnetizations": [
    -0.03125,
    0.0625,
    0.0625,
    0,
    -0.09375,
    0,
    0.09375,
    0.125,
    0,
    0
  ],
  "sweeps": 100,
  "compress": "deflate",
  "lattice_size": 4
}