{
  "lattice": "eJyLilq69FbU0qUAEsoEfQ==",
  "beta_j": -0.20150363636363636,
  "beta_h": 0.2,
  "j2j1ratio": 0.5,
  "beta_energies": [
    -72.9413090909091,
    -77.3773963636364,
    -77.3773963636364,
    -77.3773963636364,
    -77.3773963636364,
    -77.3773963636364,
    -77.3773963636364,
    -77.3773963636364,
    -77.3773963636364,
    -77.3773963636364
  ],
  "magnetizations": [
    0.03125,
    0,
    0,
    0,
    0,
    0,
    0,
    0,
    0,
    0
  ],
  "sweeps": 100,
  "compress": "deflate",
  "lattice_size": 4
}