{
  "lattice": "eJz7UM7bZ3RU3wIAEYoDYQ==",
  "beta_j": -0.24628222222222224,
  "beta_h": 0.2,
  "j2j1ratio": -0.5,
  "beta_energies": [
    -9.358724444444443,
    -12.12898222222222,
    -12.436417777777777,
    -11.021546666666662,
    -7.510773333333335,
    -10.836417777777777,
    -11.051288888888887,
    -12.806675555555554,
    -14.376933333333332,
    -10.466159999999997
  ],
  "magnetizations": [
    0,
    0.0625,
    0.125,
    -0.0625,
    0.125,
    0,
    0.09375,
    0,
    -0.03125,
    0.125
  ],
  "sweeps": 100,
  "compress": "deflate",
  "lattice_size": 4
}