{
  "lattice": "eJzLF35wJ05v1hUAEZsEOQ==",
  "beta_j": -0.27706749999999997,
  "beta_h": 0.2,
  "j2j1ratio": -0.5,
  "beta_energies": [
    -12.436834999999999,
    -13.299239999999998,
    -16.932319999999997,
    -14.961644999999995,
    -12.836835,
    -14.653374999999997,
    -10.682699999999999,
    -12.036834999999998,
    -9.26616,
    -10.374429999999998
  ],
  "magnetizations": [
    0.0625,
    0,
    -0.0625,
    0,
    0.09375,
    0.0625,
    -0.03125,
    0.03125,
    0.03125,
    0.03125
  ],
  "sweeps": 100,
  "compress": "deflate",
  "lattice_size": 4
}