{
  "lattice": "eJy7mSXUu3dLiRwAEvkD5g==",
  "beta_j": -0.19274260869565216,
  "beta_h": 0,
  "j2j1ratio": 0,
  "beta_energies": [
    -6.167763478260867,
    -11.564556521739133,
    -1.5419408695652166,
    -7.709704347826084,
    -19.274260869565232,
    -14.648438260869572,
    -10.793586086956521,
    -10.022615652173915,
    -16.19037913043479,
    -10.022615652173915
  ],
  "magnetizations": [
    0.03125,
    0.03125,
    0.03125,
    0,
    0.03125,
    -0.0625,
    0.09375,
    -0.03125,
    0.03125,
    -0.0625
  ],
  "sweeps": 100,
  "compress": "deflate",
  "lattice_size": 4
}