{
  "lattice": "CP8=",
  "beta_j": 0.221654,
  "beta_h": 0.6,
  "j2j1ratio": 1,
  "beta_energies": [
    -166.07270400000004,
    -166.07270400000004,
    -166.07270400000004,
    -166.07270400000004,
    -166.07270400000004,
    -166.07270400000004,
    -166.07270400000004,
    -166.07270400000004,
    -166.07270400000004,
    -166.07270400000004
  ],
  "magnetizations": [
    1,
    1,
    1,
    1,
    1,
    1,
    1,
    1,
    1,
    1
  ],
  "sweeps": 800,
  "compress": "rle",
  "lattice_size": 4
}