{
  "lattice": "eJyzq/aZw7BB5AMADVEDVg==",
  "beta_j": 0.18471166666666666,
  "beta_h": 0,
  "j2j1ratio": 0,
  "beta_energies": [
    -6.649620000000002,
    -11.821546666666674,
    -9.605006666666672,
    -5.910773333333335,
    -5.171926666666668,
    -9.605006666666672,
    -9.605006666666672,
    -5.910773333333335,
    -6.649620000000002,
    -8.127313333333337
  ],
  "magnetizations": [
    -0.15625,
    -0.0625,
    0.3125,
    -0.21875,
    0.09375,
    0.15625,
    0.34375,
    0.34375,
    -0.1875,
    0.03125
  ],
  "sweeps": 800,
  "compress": "deflate",
  "lattice_size": 4
}