{
  "lattice": "eJwLnLYmSu3mtSUAEecEZw==",
  "beta_j": -0.26076941176470586,
  "beta_h": 0.2,
  "j2j1ratio": -0.5,
  "beta_energies": [
    -8.987698823529408,
    -11.752315294117645,
    -15.803087058823525,
    -8.866159999999999,
    -7.301543529411763,
    -7.944621176470587,
    -11.716931764705876,
    -11.10923764705882,
    -9.787698823529409,
    -11.71693176470588
  ],
  "magnetizations": [
    -0.03125,
    0.0625,
    0.09375,
    0,
    0,
    -0.03125,
    -0.0625,
    0.09375,
    0.03125,
    -0.0625
  ],
  "sweeps": 100,
  "compress": "deflate",
  "lattice_size": 4
}