{
  "lattice": "eJxbvjSqaunTqCgAFJIEXw==",
  "beta_j": -0.20150363636363636,
  "beta_h": 0.6,
  "j2j1ratio": 0.5,
  "beta_energies": [
    -67.27514909090905,
    -73.7413090909091,
    -70.1052218181818,
    -70.50822909090908,
    -77.3773963636364,
    -73.7413090909091,
    -70.1052218181818,
    -73.7413090909091,
    -77.3773963636364,
    -77.3773963636364
  ],
  "magnetizations": [
    0.09375,
    0.03125,
    0.0625,
    0.0625,
    0,
    0.03125,
    0.0625,
    0.03125,
    0,
    0
  ],
  "sweeps": 100,
  "compress": "deflate",
  "lattice_size": 4
}