{
  "lattice": "AbsBogH7Ae0BMgEPAbsBsw==",
  "beta_j": 0.26076941176470586,
  "beta_h": 0.6,
  "j2j1ratio": -0.5,
  "beta_energies": [
    -21.073854117647052,
    -23.944621176470584,
    -18.987698823529406,
    -19.98000470588235,
    -22.901543529411757,
    -27.02308235294117,
    -25.666159999999998,
    -26.55231529411764,
    -18.364616470588235,
    -19.873854117647056
  ],
  "magnetizations": [
    0.25,
    0.40625,
    0.25,
    0.34375,
    0.40625,
    0.5,
    0.4375,
    0.40625,
    0.4375,
    0.21875
  ],
  "sweeps": 800,
  "compress": "rle",
  "lattice_size": 4
}