{
  "lattice": "eJxbujQqaunSqCgAEyID/Q==",
  "beta_j": -0.221654,
  "beta_h": 0.6,
  "j2j1ratio": 1,
  "beta_energies": [
    -127.67270400000004,
    -127.67270400000004,
    -127.67270400000004,
    -127.67270400000004,
    -127.67270400000004,
    -120.89316000000001,
    -120.89316000000001,
    -127.67270400000004,
    -120.89316000000001,
    -127.67270400000004
  ],
  "magnetizations": [
    0,
    0,
    0,
    0,
    0,
    0.03125,
    0.03125,
    0,
    0.03125,
    0
  ],
  "sweeps": 100,
  "compress": "deflate",
  "lattice_size": 4
}