{
  "lattice": "eJzL1L1UmHX0xUsAElwE2g==",
  "beta_j": -0.23331999999999997,
  "beta_h": 0.6,
  "j2j1ratio": -1,
  "beta_energies": [
    -17.065759999999997,
    -18.665599999999998,
    -21.465919999999997,
    -19.06592,
    -27.86528,
    -18.7992,
    -18.932319999999997,
    -26.265439999999998,
    -22.665439999999993,
    -19.332639999999998
  ],
  "magnetizations": [
    0.03125,
    0,
    0.21875,
    0.15625,
    0.09375,
    0.125,
    0.03125,
    0.125,
    0.03125,
    0.1875
  ],
  "sweeps": 100,
  "compress": "deflate",
  "lattice_size": 4
}