{
  "lattice": "eJxbujQqaunSqCgAEyID/Q==",
  "beta_j": -0.2110990476190476,
  "beta_h": 0.2,
  "j2j1ratio": 1,
  "beta_energies": [
    -121.59305142857141,
    -121.59305142857141,
    -121.59305142857141,
    -121.59305142857141,
    -121.59305142857141,
    -121.59305142857141,
    -121.59305142857141,
    -121.59305142857141,
    -121.59305142857141,
    -121.59305142857141
  ],
  "magnetizations": [
    0,
    0,
    0,
    0,
    0,
    0,
    0,
    0,
    0,
    0
  ],
  "sweeps": 100,
  "compress": "deflate",
  "lattice_size": 4
}