{
  "lattice": "eJwLv/ZjHd/Sae4AFWoEZA==",
  "beta_j": -0.18471166666666666,
  "beta_h": 0.4,
  "j2j1ratio": -1,
  "beta_energies": [
    -12.005006666666667,
    -14.22154666666667,
    -10.588466666666669,
    -15.821546666666668,
    -11.327313333333336,
    -11.8827,
    -20.071166666666674,
    -17.23808666666667,
    -12.743853333333337,
    -10.649620000000002
  ],
  "magnetizations": [
    0.09375,
    0.09375,
    0.125,
    0.15625,
    0.125,
    0.03125,
    0.0625,
    0.125,
    0.09375,
    0.15625
  ],
  "sweeps": 100,
  "compress": "deflate",
  "lattice_size": 4
}