{
  "lattice": "eJy7HVf7bvWVddUAGAUFTQ==",
  "beta_j": -0.2110990476190476,
  "beta_h": 0.6,
  "j2j1ratio": 0,
  "beta_energies": [
    -14.88879238095238,
    -16.843961904761905,
    -21.421546666666657,
    -15.288358095238092,
    -13.55560380952381,
    -15.999565714285712,
    -11.910773333333331,
    -6.84439619047619,
    -27.33231999999998,
    -23.732319999999987
  ],
  "magnetizations": [
    0.34375,
    0.21875,
    0.25,
    0.15625,
    0.375,
    0.21875,
    0.15625,
    0.15625,
    0.25,
    0.15625
  ],
  "sweeps": 100,
  "compress": "deflate",
  "lattice_size": 4
}