{
  "lattice": "eJxjEPj/fwrDl38AEKMElQ==",
  "beta_j": 0.19274260869565216,
  "beta_h": 0.2,
  "j2j1ratio": -1,
  "beta_energies": [
    -25.44202434782608,
    -5.454852173913043,
    -19.332319999999996,
    -13.535526956521736,
    -15.790379130434777,
    -12.79358608695652,
    -12.735526956521735,
    -15.106497391304345,
    -12.851645217391303,
    -16.590379130434776
  ],
  "magnetizations": [
    0,
    0.125,
    0.125,
    0.09375,
    -0.03125,
    0.15625,
    0.03125,
    0.15625,
    0.28125,
    0.03125
  ],
  "sweeps": 800,
  "compress": "deflate",
  "lattice_size": 4
}