{
  "lattice": "eJyLilq6NCpq6VYAENoEDQ==",
  "beta_j": -0.2110990476190476,
  "beta_h": 0.6,
  "j2j1ratio": 0.5,
  "beta_energies": [
    -77.19565714285712,
    -74.79565714285711,
    -70.92927999999995,
    -81.06203428571428,
    -81.06203428571428,
    -77.19565714285712,
    -77.19565714285712,
    -67.90729904761899,
    -81.06203428571428,
    -81.06203428571428
  ],
  "magnetizations": [
    0.03125,
    -0.03125,
    0,
    0,
    0,
    0.03125,
    0.03125,
    0.03125,
    0,
    0
  ],
  "sweeps": 100,
  "compress": "deflate",
  "lattice_size": 4
}