{
  "lattice": "eJw7Gj7VlW3OdkEAENMDYQ==",
  "beta_j": -0.2110990476190476,
  "beta_h": 0,
  "j2j1ratio": -1,
  "beta_energies": [
    -10.132754285714283,
    -16.88792380952381,
    -16.88792380952381,
    -16.88792380952381,
    -16.887923809523805,
    -14.354735238095238,
    -10.132754285714281,
    -19.421112380952373,
    -25.331885714285708,
    -19.421112380952373
  ],
  "magnetizations": [
    -0.0625,
    0,
    0.0625,
    0.0625,
    0,
    0.03125,
    0.03125,
    0.09375,
    0.03125,
    0
  ],
  "sweeps": 100,
  "compress": "deflate",
  "lattice_size": 4
}