{
  "lattice": "eJzT+nCXP3Xz/FMAExYEiA==",
  "beta_j": -0.2110990476190476,
  "beta_h": 0.6,
  "j2j1ratio": -0.5,
  "beta_energies": [
    -11.132971428571427,
    -16.977150476190474,
    -9.577367619047617,
    -11.222198095238094,
    -13.666159999999998,
    -11.555169523809521,
    -9.799782857142857,
    -11.710990476190476,
    -14.866159999999997,
    -7.68879238095238
  ],
  "magnetizations": [
    0.125,
    0.15625,
    0.0625,
    0.28125,
    0.125,
    0.125,
    0.15625,
    0.25,
    0.15625,
    0.15625
  ],
  "sweeps": 100,
  "compress": "deflate",
  "lattice_size": 4
}