{
  "lattice": "Af0B3wEVAXAB/QF3AbAB8A==",
  "beta_j": 0.2110990476190476,
  "beta_h": 0.4,
  "j2j1ratio": -1,
  "beta_energies": [
    -24.976716190476182,
    -17.554735238095237,
    -13.955169523809523,
    -17.51033904761905,
    -21.687923809523806,
    -20.087923809523808,
    -22.62111238095238,
    -25.198697142857135,
    -22.665508571428568,
    -19.33232
  ],
  "magnetizations": [
    0.25,
    0.125,
    0.28125,
    0.15625,
    0.1875,
    0.125,
    0.125,
    0.09375,
    0.09375,
    0.0625
  ],
  "sweeps": 800,
  "compress": "rle",
  "lattice_size": 4
}