{
  "lattice": "eJxz9f/6kVX/9woAEgsEUg==",
  "beta_j": -0.24628222222222224,
  "beta_h": 0.4,
  "j2j1ratio": -1,
  "beta_energies": [
    -28.813351111111096,
    -34.2943822222222,
    -24.07283555555555,
    -23.51744888888889,
    -18.532320000000002,
    -23.643093333333326,
    -20.31744888888889,
    -22.28770666666667,
    -22.47283555555555,
    -20.87283555555555
  ],
  "magnetizations": [
    0.125,
    0.03125,
    0.09375,
    0.1875,
    0.03125,
    0,
    0.0625,
    0.0625,
    0.03125,
    -0.03125
  ],
  "sweeps": 100,
  "compress": "deflate",
  "lattice_size": 4
}