{
  "lattice": "eJxbujQqaunCqCgAExYD+Q==",
  "beta_j": -0.24628222222222224,
  "beta_h": 0,
  "j2j1ratio": 0.5,
  "beta_energies": [
    -88.66160000000005,
    -88.66160000000005,
    -94.57237333333339,
    -94.57237333333339,
    -94.57237333333339,
    -76.84005333333337,
    -94.57237333333339,
    -94.57237333333339,
    -94.57237333333339,
    -94.57237333333339
  ],
  "magnetizations": [
    -0.03125,
    0.03125,
    0,
    0,
    0,
    -0.09375,
    0,
    0,
    0,
    0
  ],
  "sweeps": 100,
  "compress": "deflate",
  "lattice_size": 4
}