{
  "lattice": "eJzzqNz0I3BRdxsAE2EEcA==",
  "beta_j": -0.20150363636363636,
  "beta_h": 0,
  "j2j1ratio": -0.5,
  "beta_energies": [
    -6.045109090909088,
    -7.2541309090909065,
    -7.65713818181818,
    -6.4481163636363625,
    -8.060145454545452,
    -8.463152727272725,
    -9.672174545454542,
    -8.463152727272725,
    -6.851123636363637,
    -4.43308
  ],
  "magnetizations": [
    -0.09375,
    0,
    0,
    0,
    0,
    0.09375,
    0.03125,
    -0.09375,
    -0.03125,
    0.03125
  ],
  "sweeps": 100,
  "compress": "deflate",
  "lattice_size": 4
}