{
  "lattice": "eJzT6bN03dh8fDMADocD5w==",
  "beta_j": -0.20150363636363636,
  "beta_h": 0.2,
  "j2j1ratio": -0.5,
  "beta_energies": [
    -2.8240581818181822,
    -10.481196363636359,
    -5.23308,
    -7.65413090909091,
    -6.042101818181816,
    -7.242101818181819,
    -7.257138181818181,
    -9.66616,
    -8.051123636363638,
    -7.654130909090908
  ],
  "magnetizations": [
    -0.03125,
    -0.03125,
    0.0625,
    0.03125,
    0.03125,
    0.125,
    -0.03125,
    0.0625,
    0.09375,
    0.03125
  ],
  "sweeps": 100,
  "compress": "deflate",
  "lattice_size": 4
}