{
  "lattice": "eJyLilq6NCpqyVIAEMgD/A==",
  "beta_j": -0.23331999999999997,
  "beta_h": 0.6,
  "j2j1ratio": 0.5,
  "beta_energies": [
    -82.79519999999997,
    -89.59487999999995,
    -89.59487999999995,
    -89.59487999999995,
    -89.59487999999995,
    -85.19519999999996,
    -82.79519999999998,
    -85.19519999999996,
    -85.19519999999999,
    -89.59487999999995
  ],
  "magnetizations": [
    -0.03125,
    0,
    0,
    0,
    0,
    0.03125,
    -0.03125,
    0.03125,
    0.03125,
    0
  ],
  "sweeps": 100,
  "compress": "deflate",
  "lattice_size": 4
}