{
  "lattice": "eJxb5x+y4fjhr18BFU0Fdg==",
  "beta_j": -0.23331999999999997,
  "beta_h": 0.4,
  "j2j1ratio": -0.5,
  "beta_energies": [
    -11.466239999999999,
    -15.465919999999995,
    -9.93304,
    -13.732639999999998,
    -8.599599999999999,
    -14.665919999999998,
    -6.13312,
    -16.466000000000008,
    -10.266079999999999,
    -11.599519999999998
  ],
  "magnetizations": [
    0.15625,
    0.09375,
    0.1875,
    0.0625,
    0.0625,
    0.0625,
    0.09375,
    0.1875,
    0,
    0.125
  ],
  "sweeps": 100,
  "compress": "deflate",
  "lattice_size": 4
}