{
  "lattice": "eJyLil66NC5q6VIAEOEEAg==",
  "beta_j": -0.27706749999999997,
  "beta_h": 0.4,
  "j2j1ratio": 0,
  "beta_energies": [
    -48.14734000000005,
    -32.63156000000001,
    -40.57291000000001,
    -46.23907000000004,
    -45.130800000000036,
    -37.864640000000016,
    -29.615020000000012,
    -34.35637000000001,
    -44.02253000000003,
    -45.62253000000003
  ],
  "magnetizations": [
    0.0625,
    0.0625,
    0.15625,
    0.03125,
    0.03125,
    0.09375,
    0.03125,
    0,
    0.03125,
    0.09375
  ],
  "sweeps": 100,
  "compress": "deflate",
  "lattice_size": 4
}