{
  "lattice": "eJyzWRodtXRpVBQAD+ADlQ==",
  "beta_j": -0.23331999999999997,
  "beta_h": 0.2,
  "j2j1ratio": 0,
  "beta_energies": [
    -35.86464000000001,
    -24.132000000000005,
    -16.26576,
    -26.798560000000013,
    -28.664960000000015,
    -32.264800000000015,
    -29.198400000000017,
    -12.799360000000005,
    -9.466239999999999,
    -11.466079999999998
  ],
  "magnetizations": [
    0.03125,
    0.0625,
    0.03125,
    0.125,
    -0.09375,
    -0.03125,
    0.09375,
    0.125,
    0.15625,
    0.09375
  ],
  "sweeps": 100,
  "compress": "deflate",
  "lattice_size": 4
}