{
  "lattice": "eJyTZa5/siLu2k0ADrIEOQ==",
  "beta_j": -0.20150363636363636,
  "beta_h": 0.4,
  "j2j1ratio": -0.5,
  "beta_energies": [
    -6.027065454545455,
    -10.04510909090909,
    -6.839094545454545,
    -5.6240581818181825,
    -7.230072727272728,
    -8.030072727272726,
    -9.630072727272726,
    -8.018043636363636,
    -8.836087272727273,
    -6.412029090909091
  ],
  "magnetizations": [
    0.09375,
    0.15625,
    0.0625,
    0.09375,
    0.125,
    0.15625,
    0.21875,
    0.21875,
    0.15625,
    0.1875
  ],
  "sweeps": 100,
  "compress": "deflate",
  "lattice_size": 4
}