{
  "lattice": "eJxb36ey7GfPzR8AFaoFXg==",
  "beta_j": 0.18471166666666666,
  "beta_h": 0.2,
  "j2j1ratio": -1,
  "beta_energies": [
    -7.110773333333333,
    -4.338846666666667,
    -18.25462666666667,
    -14.099240000000002,
    -13.821546666666668,
    -10.405006666666667,
    -15.976933333333339,
    -15.238086666666671,
    -20.810013333333345,
    -13.699240000000007
  ],
  "magnetizations": [
    0.09375,
    0.28125,
    0.15625,
    0.0625,
    0.15625,
    0.0625,
    0.09375,
    0.09375,
    0.125,
    0.03125
  ],
  "sweeps": 800,
  "compress": "deflate",
  "lattice_size": 4
}