{
  "lattice": "eJwzsOt/GlV1dRkAEDMEMg==",
  "beta_j": -0.19274260869565216,
  "beta_h": 0.2,
  "j2j1ratio": 0,
  "beta_energies": [
    -12.764556521739134,
    -11.16455652173913,
    -12.76455652173913,
    -20.103290434782615,
    -12.364556521739134,
    -3.483881739130434,
    -16.161349565217392,
    -19.703290434782616,
    -7.738733913043475,
    -14.306497391304351
  ],
  "magnetizations": [
    0.09375,
    -0.03125,
    0.09375,
    0.125,
    0.0625,
    0.03125,
    -0.0625,
    0.09375,
    0.0625,
    0.09375
  ],
  "sweeps": 100,
  "compress": "deflate",
  "lattice_size": 4
}