{
  "lattice": "eJyLilq6NCpq6VIAEMoD/Q==",
  "beta_j": -0.221654,
  "beta_h": 0.4,
  "j2j1ratio": 1,
  "beta_energies": [
    -127.67270400000004,
    -127.67270400000004,
    -127.67270400000004,
    -127.67270400000004,
    -127.67270400000004,
    -127.67270400000004,
    -127.67270400000004,
    -127.67270400000004,
    -127.67270400000004,
    -127.67270400000004
  ],
  "magnetizations": [
    0,
    0,
    0,
    0,
    0,
    0,
    0,
    0,
    0,
    0
  ],
  "sweeps": 100,
  "compress": "deflate",
  "lattice_size": 4
}