{
  "lattice": "AYsBjwE/AY8BTwGNAQ8BJw==",
  "beta_j": 0.26076941176470586,
  "beta_h": 0.6,
  "j2j1ratio": -1,
  "beta_energies": [
    -31.033863529411757,
    -25.661552941176463,
    -20.7600094117647,
    -25.975397647058816,
    -34.633863529411755,
    -21.48924235294117,
    -28.37539764705882,
    -41.15079529411763,
    -33.84925176470587,
    -37.86463999999998
  ],
  "magnetizations": [
    0.15625,
    0.125,
    0.1875,
    0.1875,
    0.25,
    0.125,
    0.25,
    0.09375,
    0.09375,
    0.0625
  ],
  "sweeps": 800,
  "compress": "rle",
  "lattice_size": 4
}