{
  "lattice": "eJwrPvrio1V21gcAFxUFEQ==",
  "beta_j": -0.19274260869565216,
  "beta_h": 0.2,
  "j2j1ratio": -0.5,
  "beta_energies": [
    -7.7532486956521725,
    -5.825822608695653,
    -8.851645217391301,
    -5.840337391304347,
    -4.996793043478259,
    -8.89518956521739,
    -6.59679304347826,
    -5.069366956521739,
    -5.011307826086955,
    -5.840337391304347
  ],
  "magnetizations": [
    0.09375,
    0.09375,
    -0.03125,
    0.125,
    -0.03125,
    0.0625,
    0.09375,
    0.125,
    0,
    0.125
  ],
  "sweeps": 100,
  "compress": "deflate",
  "lattice_size": 4
}