{
  "lattice": "eJzz4l9rEfBivjYADUgDQQ==",
  "beta_j": -0.19274260869565216,
  "beta_h": 0.2,
  "j2j1ratio": -1,
  "beta_energies": [
    -8.851645217391303,
    -13.535526956521736,
    -13.506497391304345,
    -18.532319999999995,
    -13.135526956521737,
    -10.82261565217391,
    -14.677467826086954,
    -14.24843826086956,
    -15.84843826086956,
    -9.280674782608695
  ],
  "magnetizations": [
    -0.03125,
    0.09375,
    0.03125,
    0.0625,
    0.0625,
    0.0625,
    0.0625,
    -0.03125,
    0.09375,
    0.0625
  ],
  "sweeps": 100,
  "compress": "deflate",
  "lattice_size": 4
}