{
  "lattice": "eJyLilq7tCpq6VIAEXoEJQ==",
  "beta_j": -0.18471166666666666,
  "beta_h": 0.6,
  "j2j1ratio": 0.5,
  "beta_energies": [
    -64.46311999999996,
    -70.92927999999998,
    -65.29619999999996,
    -67.69619999999996,
    -70.92927999999998,
    -67.69619999999996,
    -70.92927999999998,
    -65.29619999999996,
    -56.98041999999998,
    -67.69619999999996
  ],
  "magnetizations": [
    0.0625,
    0,
    -0.03125,
    0.03125,
    0,
    0.03125,
    0,
    -0.03125,
    0.15625,
    0.03125
  ],
  "sweeps": 100,
  "compress": "deflate",
  "lattice_size": 4
}