{
  "lattice": "AYgBDwEKAS8BDwE+AQQBDw==",
  "beta_j": 0.26076941176470586,
  "beta_h": 0,
  "j2j1ratio": -0.5,
  "beta_energies": [
    -16.689242352941168,
    -8.866159999999997,
    -9.387698823529409,
    -10.952315294117644,
    -13.5600094117647,
    -7.301543529411763,
    -10.952315294117644,
    -14.081548235294113,
    -8.344621176470584,
    -15.124625882352934
  ],
  "magnetizations": [
    -0.15625,
    -0.03125,
    0.15625,
    0.03125,
    -0.0625,
    -0.09375,
    0,
    -0.125,
    -0.1875,
    -0.15625
  ],
  "sweeps": 800,
  "compress": "rle",
  "lattice_size": 4
}