{
  "lattice": "AY4BiAECAT4B3wH8ATYBLg==",
  "beta_j": 0.23331999999999997,
  "beta_h": 0.2,
  "j2j1ratio": -1,
  "beta_energies": [
    -18.132319999999996,
    -18.798879999999997,
    -23.332,
    -18.39904,
    -24.665279999999992,
    -23.99872,
    -15.599199999999998,
    -22.665439999999997,
    -24.265279999999994,
    -17.999039999999997
  ],
  "magnetizations": [
    0.03125,
    -0.0625,
    0,
    0.125,
    0.03125,
    0.125,
    0.125,
    0.09375,
    0,
    0.09375
  ],
  "sweeps": 800,
  "compress": "rle",
  "lattice_size": 4
}