{
  "lattice": "eJz7/x8CACPkB/k=",
  "beta_j": 0.19274260869565216,
  "beta_h": 0.4,
  "j2j1ratio": 1,
  "beta_energies": [
    -136.61974260869565,
    -136.61974260869565,
    -136.61974260869565,
    -136.61974260869565,
    -136.61974260869565,
    -136.61974260869565,
    -136.61974260869565,
    -136.61974260869565,
    -136.61974260869565,
    -136.61974260869565
  ],
  "magnetizations": [
    1,
    1,
    1,
    1,
    1,
    1,
    1,
    1,
    1,
    1
  ],
  "sweeps": 800,
  "compress": "deflate",
  "lattice_size": 4
}