{
  "lattice": "CP8=",
  "beta_j": 0.23331999999999997,
  "beta_h": 0.2,
  "j2j1ratio": 1,
  "beta_energies": [
    -147.19231999999994,
    -147.19231999999994,
    -147.19231999999994,
    -147.19231999999994,
    -147.19231999999994,
    -147.19231999999994,
    -138.39279999999997,
    -147.19231999999994,
    -147.19231999999994,
    -147.19231999999994
  ],
  "magnetizations": [
    1,
    1,
    1,
    1,
    1,
    1,
    0.96875,
    1,
    1,
    1
  ],
  "sweeps": 800,
  "compress": "rle",
  "lattice_size": 4
}