{
  "lattice": "eJxbujQqaunSqCgAEyID/Q==",
  "beta_j": -0.23331999999999997,
  "beta_h": 0,
  "j2j1ratio": 0.5,
  "beta_energies": [
    -89.59487999999995,
    -89.59487999999995,
    -89.59487999999995,
    -89.59487999999995,
    -89.59487999999995,
    -89.59487999999995,
    -83.99519999999997,
    -83.99519999999997,
    -89.59487999999995,
    -89.59487999999995
  ],
  "magnetizations": [
    0,
    0,
    0,
    0,
    0,
    0,
    0.03125,
    0.03125,
    0,
    0
  ],
  "sweeps": 100,
  "compress": "deflate",
  "lattice_size": 4
}