{
  "lattice": "Bf8B+wL/",
  "beta_j": 0.24628222222222224,
  "beta_h": 0.4,
  "j2j1ratio": 0,
  "beta_energies": [
    -69.13080000000004,
    -69.13080000000004,
    -69.13080000000004,
    -66.36054222222225,
    -69.13080000000002,
    -69.13080000000002,
    -72.8861866666667,
    -52.324124444444465,
    -72.8861866666667,
    -69.13080000000002
  ],
  "magnetizations": [
    0.96875,
    0.96875,
    0.96875,
    0.9375,
    0.96875,
    0.96875,
    1,
    0.8125,
    1,
    0.96875
  ],
  "sweeps": 800,
  "compress": "rle",
  "lattice_size": 4
}