{
  "lattice": "AfsB7gEiAa4BuwHvAQ8BAA==",
  "beta_j": 0.27706749999999997,
  "beta_h": 0.2,
  "j2j1ratio": -1,
  "beta_energies": [
    -26.38193999999999,
    -27.090209999999992,
    -36.26463999999998,
    -41.40598999999997,
    -21.240590000000005,
    -31.831559999999993,
    -30.631560000000004,
    -26.998479999999997,
    -32.93982999999998,
    -33.43155999999999
  ],
  "magnetizations": [
    0.15625,
    0.125,
    0.0625,
    0.03125,
    0.1875,
    0.0625,
    -0.03125,
    0.03125,
    0.0625,
    0.1875
  ],
  "sweeps": 800,
  "compress": "rle",
  "lattice_size": 4
}