{
  "lattice": "eJybb7fl0mK7kisAFAYEjQ==",
  "beta_j": -0.24628222222222224,
  "beta_h": 0.2,
  "j2j1ratio": -1,
  "beta_energies": [
    -21.302577777777778,
    -18.13232,
    -20.102577777777775,
    -18.132319999999993,
    -27.983608888888874,
    -26.0133511111111,
    -26.013351111111106,
    -33.124124444444426,
    -18.717448888888885,
    -24.257964444444443
  ],
  "magnetizations": [
    0.125,
    0.03125,
    0.03125,
    0.03125,
    0.03125,
    0.03125,
    0.03125,
    0.125,
    0,
    0.125
  ],
  "sweeps": 100,
  "compress": "deflate",
  "lattice_size": 4
}