{
  "lattice": "eJwrsy7Ovf7bYzkAEawEUw==",
  "beta_j": -0.20150363636363636,
  "beta_h": 0.4,
  "j2j1ratio": 0,
  "beta_energies": [
    -4.78797090909091,
    -6.412029090909091,
    -16.072174545454544,
    -12.066159999999996,
    -17.714276363636355,
    -13.666159999999996,
    -5.6120290909090915,
    -9.648116363636362,
    -13.648116363636362,
    -12.866159999999997
  ],
  "magnetizations": [
    0.25,
    0.1875,
    0.25,
    0.125,
    0.09375,
    0.1875,
    0.15625,
    0.125,
    0.28125,
    0.15625
  ],
  "sweeps": 100,
  "compress": "deflate",
  "lattice_size": 4
}