{
  "lattice": "CP8=",
  "beta_j": 0.26076941176470586,
  "beta_h": 0.2,
  "j2j1ratio": 0.5,
  "beta_energies": [
    -112.935454117647,
    -112.935454117647,
    -112.935454117647,
    -112.935454117647,
    -112.935454117647,
    -112.935454117647,
    -112.935454117647,
    -112.935454117647,
    -112.935454117647,
    -112.935454117647
  ],
  "magnetizations": [
    1,
    1,
    1,
    1,
    1,
    1,
    1,
    1,
    1,
    1
  ],
  "sweeps": 800,
  "compress": "rle",
  "lattice_size": 4
}