{
  "lattice": "eJyL8lqr6lW1VBYADaIC/Q==",
  "beta_j": -0.26076941176470586,
  "beta_h": 0,
  "j2j1ratio": 0,
  "beta_energies": [
    -28.16309647058822,
    -43.809261176470564,
    -46.93849411764703,
    -37.55079529411763,
    -36.507717647058804,
    -32.33540705882351,
    -32.33540705882351,
    -29.20617411764704,
    -34.42156235294116,
    -31.292329411764687
  ],
  "magnetizations": [
    -0.03125,
    0,
    0.03125,
    -0.125,
    0,
    -0.0625,
    -0.03125,
    0.03125,
    -0.15625,
    -0.0625
  ],
  "sweeps": 100,
  "compress": "deflate",
  "lattice_size": 4
}