{
  "lattice": "eJxbujQqaunSqCgAEyID/Q==",
  "beta_j": -0.24628222222222224,
  "beta_h": 0.2,
  "j2j1ratio": 0.5,
  "beta_energies": [
    -94.57237333333339,
    -94.57237333333339,
    -94.57237333333339,
    -88.26160000000004,
    -94.57237333333339,
    -89.06160000000006,
    -94.57237333333339,
    -94.57237333333339,
    -94.57237333333339,
    -94.57237333333339
  ],
  "magnetizations": [
    0,
    0,
    0,
    -0.03125,
    0,
    0.03125,
    0,
    0,
    0,
    0
  ],
  "sweeps": 100,
  "compress": "deflate",
  "lattice_size": 4
}