{
  "lattice": "CP8=",
  "beta_j": 0.221654,
  "beta_h": 0.2,
  "j2j1ratio": 1,
  "beta_energies": [
    -140.47270400000005,
    -140.47270400000005,
    -140.47270400000005,
    -140.47270400000005,
    -140.47270400000005,
    -140.47270400000005,
    -140.47270400000005,
    -140.47270400000005,
    -140.47270400000005,
    -140.47270400000005
  ],
  "magnetizations": [
    1,
    1,
    1,
    1,
    1,
    1,
    1,
    1,
    1,
    1
  ],
  "sweeps": 800,
  "compress": "rle",
  "lattice_size": 4
}