{
  "lattice": "eJxbujQqaunSqCgAEyID/Q==",
  "beta_j": -0.221654,
  "beta_h": 0.6,
  "j2j1ratio": 0.5,
  "beta_energies": [
    -85.11513600000002,
    -85.11513600000002,
    -80.99544000000002,
    -85.11513600000002,
    -80.99544000000002,
    -80.99544000000002,
    -85.11513600000002,
    -85.11513600000002,
    -77.31905199999999,
    -80.99544000000002
  ],
  "magnetizations": [
    0,
    0,
    0.03125,
    0,
    0.03125,
    0.03125,
    0,
    0,
    0.0625,
    0.03125
  ],
  "sweeps": 100,
  "compress": "deflate",
  "lattice_size": 4
}