{
  "lattice": "CP8=",
  "beta_j": 0.2110990476190476,
  "beta_h": 0.2,
  "j2j1ratio": 0.5,
  "beta_energies": [
    -93.86203428571427,
    -93.86203428571427,
    -93.86203428571427,
    -82.92927999999995,
    -82.92927999999995,
    -93.86203428571427,
    -93.86203428571427,
    -88.39565714285712,
    -93.86203428571427,
    -93.86203428571427
  ],
  "magnetizations": [
    1,
    1,
    1,
    0.9375,
    0.9375,
    1,
    1,
    0.96875,
    1,
    1
  ],
  "sweeps": 800,
  "compress": "rle",
  "lattice_size": 4
}