{
  "lattice": "CP8=",
  "beta_j": 0.27706749999999997,
  "beta_h": 0.2,
  "j2j1ratio": 0.5,
  "beta_energies": [
    -119.19392000000015,
    -119.19392000000015,
    -119.19392000000015,
    -119.19392000000015,
    -112.14430000000013,
    -119.19392000000015,
    -119.19392000000015,
    -119.19392000000015,
    -119.19392000000015,
    -119.19392000000015
  ],
  "magnetizations": [
    1,
    1,
    1,
    1,
    0.96875,
    1,
    1,
    1,
    1,
    1
  ],
  "sweeps": 800,
  "compress": "rle",
  "lattice_size": 4
}