{
  "lattice": "AV8BHQFiAfEB2QH1AVYBdw==",
  "beta_j": 0.20150363636363636,
  "beta_h": 0.2,
  "j2j1ratio": -1,
  "beta_energies": [
    -14.890218181818181,
    -13.290218181818176,
    -10.884203636363633,
    -16.91427636363636,
    -21.75036363636363,
    -18.132319999999993,
    -10.478189090909087,
    -19.344349090909084,
    -20.556378181818175,
    -21.744349090909083
  ],
  "magnetizations": [
    0.21875,
    0.09375,
    -0.03125,
    0.125,
    0.125,
    0.03125,
    0,
    0,
    -0.03125,
    0.1875
  ],
  "sweeps": 800,
  "compress": "rle",
  "lattice_size": 4
}