{
  "lattice": "AcEBFwHXAVUB0QHVAUEB1A==",
  "beta_j": 0.26076941176470586,
  "beta_h": 0,
  "j2j1ratio": -1,
  "beta_energies": [
    -26.076941176470577,
    -31.29232941176469,
    -26.076941176470577,
    -21.904630588235285,
    -16.68924235294117,
    -28.163096470588222,
    -40.680028235294095,
    -27.1200188235294,
    -31.29232941176469,
    -19.81847529411764
  ],
  "magnetizations": [
    0,
    0.03125,
    0.03125,
    0.125,
    0,
    0.03125,
    -0.03125,
    -0.0625,
    -0.03125,
    -0.0625
  ],
  "sweeps": 800,
  "compress": "rle",
  "lattice_size": 4
}