{
  "lattice": "ATEBjAFNAfQBEQH9AXcBuQ==",
  "beta_j": 0.20150363636363636,
  "beta_h": 0,
  "j2j1ratio": -0.5,
  "beta_energies": [
    -8.060145454545454,
    -8.060145454545452,
    -4.43308,
    -8.060145454545454,
    -4.433079999999998,
    -6.448116363636364,
    -6.448116363636362,
    -7.254130909090907,
    -6.04510909090909,
    -8.463152727272726
  ],
  "magnetizations": [
    0.09375,
    0.09375,
    -0.09375,
    0.03125,
    0,
    -0.125,
    -0.15625,
    -0.25,
    0.125,
    0.15625
  ],
  "sweeps": 800,
  "compress": "rle",
  "lattice_size": 4
}