{
  "lattice": "eJxLrqqwcta9owoADdgDAQ==",
  "beta_j": -0.221654,
  "beta_h": 0.4,
  "j2j1ratio": -0.5,
  "beta_energies": [
    -6.64962,
    -12.066159999999996,
    -10.119696000000001,
    -9.84962,
    -12.239392,
    -7.903155999999999,
    -14.272471999999997,
    -7.363004,
    -9.849619999999998,
    -9.233080000000001
  ],
  "magnetizations": [
    0,
    0.125,
    0.1875,
    0.125,
    0.0625,
    0.1875,
    -0.03125,
    0.0625,
    0.125,
    0.1875
  ],
  "sweeps": 100,
  "compress": "deflate",
  "lattice_size": 4
}