{
  "lattice": "CP8=",
  "beta_j": 0.221654,
  "beta_h": 0.4,
  "j2j1ratio": 0.5,
  "beta_energies": [
    -110.71513600000003,
    -98.47574399999999,
    -104.59544000000001,
    -110.71513600000003,
    -110.71513600000003,
    -104.59544,
    -110.71513600000003,
    -110.71513600000003,
    -110.71513600000003,
    -110.71513600000003
  ],
  "magnetizations": [
    1,
    0.9375,
    0.96875,
    1,
    1,
    0.96875,
    1,
    1,
    1,
    1
  ],
  "sweeps": 800,
  "compress": "rle",
  "lattice_size": 4
}