{
  "lattice": "ASABogH9AT4BAQEQAe0B/g==",
  "beta_j": 0.221654,
  "beta_h": 0,
  "j2j1ratio": -1,
  "beta_energies": [
    -22.165399999999998,
    -12.412623999999997,
    -16.845703999999998,
    -22.165399999999998,
    -24.825247999999995,
    -19.505552,
    -16.845703999999998,
    -20.392167999999998,
    -21.278783999999998,
    -25.711863999999995
  ],
  "magnetizations": [
    -0.03125,
    0.125,
    -0.03125,
    0.0625,
    -0.0625,
    0,
    -0.0625,
    0.03125,
    0.0625,
    0.125
  ],
  "sweeps": 800,
  "compress": "rle",
  "lattice_size": 4
}