{
  "lattice": "eJwrf7qqqzZuzQcAFgcFCA==",
  "beta_j": -0.221654,
  "beta_h": 0.6,
  "j2j1ratio": -1,
  "beta_energies": [
    -16.639392,
    -30.19847999999999,
    -22.792167999999997,
    -12.726008,
    -17.785856,
    -10.746464,
    -28.42524799999999,
    -21.852015999999992,
    -29.571711999999987,
    -21.072471999999998
  ],
  "magnetizations": [
    0.15625,
    0.09375,
    0.0625,
    0.03125,
    0.09375,
    0.1875,
    0.09375,
    -0.03125,
    0.03125,
    0.15625
  ],
  "sweeps": 100,
  "compress": "deflate",
  "lattice_size": 4
}