{
  "lattice": "ATMB+wT/AX8B+w==",
  "beta_j": 0.23331999999999997,
  "beta_h": 0,
  "j2j1ratio": 0,
  "beta_energies": [
    -31.731520000000025,
    -13.065920000000006,
    -8.399520000000003,
    -27.998400000000014,
    -36.397920000000006,
    -29.86496000000001,
    -15.865760000000005,
    -12.132639999999995,
    -18.66560000000001,
    -27.998400000000014
  ],
  "magnetizations": [
    0.78125,
    0.4375,
    -0.21875,
    -0.78125,
    -0.90625,
    -0.78125,
    -0.46875,
    0.25,
    0.5625,
    0.75
  ],
  "sweeps": 800,
  "compress": "rle",
  "lattice_size": 4
}