{
  "lattice": "CP8=",
  "beta_j": 0.23331999999999997,
  "beta_h": 0,
  "j2j1ratio": 0.5,
  "beta_energies": [
    -89.59487999999995,
    -89.59487999999995,
    -89.59487999999995,
    -78.39551999999998,
    -89.59487999999995,
    -83.99519999999998,
    -89.59487999999995,
    -89.59487999999995,
    -89.59487999999995,
    -89.59487999999995
  ],
  "magnetizations": [
    1,
    1,
    1,
    0.9375,
    1,
    0.96875,
    1,
    1,
    1,
    1
  ],
  "sweeps": 800,
  "compress": "rle",
  "lattice_size": 4
}