{
  "lattice": "eJwTLd2xKl62ahUADvYDjQ==",
  "beta_j": -0.26076941176470586,
  "beta_h": 0.6,
  "j2j1ratio": -1,
  "beta_energies": [
    -29.676941176470578,
    -24.61847529411764,
    -37.86463999999998,
    -43.966183529411744,
    -17.003087058823525,
    -23.99078588235293,
    -32.649251764705866,
    -32.806174117647046,
    -36.507717647058804,
    -24.61847529411764
  ],
  "magnetizations": [
    0.09375,
    0.125,
    0.0625,
    0.03125,
    0.0625,
    0,
    0.0625,
    0.09375,
    0,
    0.125
  ],
  "sweeps": 100,
  "compress": "deflate",
  "lattice_size": 4
}