{
  "lattice": "eJxbvjQqaunSqCgAEzID/w==",
  "beta_j": -0.26076941176470586,
  "beta_h": 0.6,
  "j2j1ratio": 0.5,
  "beta_energies": [
    -95.07698823529407,
    -100.135454117647,
    -95.07698823529407,
    -100.135454117647,
    -100.135454117647,
    -95.07698823529407,
    -95.07698823529407,
    -100.135454117647,
    -100.135454117647,
    -95.07698823529407
  ],
  "magnetizations": [
    0.03125,
    0,
    0.03125,
    0,
    0,
    0.03125,
    0.03125,
    0,
    0,
    0.03125
  ],
  "sweeps": 100,
  "compress": "deflate",
  "lattice_size": 4
}