{
  "lattice": "eJyL3La8WaqiaTsAEc4EBQ==",
  "beta_j": -0.18471166666666666,
  "beta_h": 0,
  "j2j1ratio": 0,
  "beta_energies": [
    -8.866160000000004,
    -7.38846666666667,
    -14.776933333333343,
    -12.56039333333334,
    -8.866160000000004,
    -8.866160000000004,
    -11.082700000000006,
    -12.56039333333334,
    -14.776933333333343,
    -7.38846666666667
  ],
  "magnetizations": [
    0,
    0.0625,
    0.03125,
    -0.03125,
    -0.03125,
    -0.0625,
    0.0625,
    -0.0625,
    -0.03125,
    -0.09375
  ],
  "sweeps": 100,
  "compress": "deflate",
  "lattice_size": 4
}