{
  "lattice": "CP8=",
  "beta_j": 0.27706749999999997,
  "beta_h": 0.4,
  "j2j1ratio": 0.5,
  "beta_energies": [
    -131.99392000000014,
    -131.99392000000014,
    -131.99392000000014,
    -131.99392000000014,
    -131.99392000000014,
    -131.99392000000014,
    -131.99392000000014,
    -131.99392000000014,
    -131.99392000000014,
    -131.99392000000014
  ],
  "magnetizations": [
    1,
    1,
    1,
    1,
    1,
    1,
    1,
    1,
    1,
    1
  ],
  "sweeps": 800,
  "compress": "rle",
  "lattice_size": 4
}