{
  "lattice": "eJx7tSo0dNWq0FAAFUoEPQ==",
  "beta_j": -0.26076941176470586,
  "beta_h": 0.4,
  "j2j1ratio": -1,
  "beta_energies": [
    -47.73849411764703,
    -43.56618352941174,
    -26.63386352941176,
    -20.61847529411764,
    -26.63386352941175,
    -21.661552941176463,
    -25.833863529411754,
    -31.36309647058822,
    -34.17848470588233,
    -26.076941176470577
  ],
  "magnetizations": [
    0.03125,
    0.03125,
    0.0625,
    0.03125,
    0.0625,
    0.03125,
    0.03125,
    0.125,
    0.03125,
    0
  ],
  "sweeps": 100,
  "compress": "deflate",
  "lattice_size": 4
}