{
  "lattice": "AfsB/wHvBf8=",
  "beta_j": 0.20150363636363636,
  "beta_h": 0.4,
  "j2j1ratio": 0,
  "beta_energies": [
    -57.8526109090909,
    -54.63456727272725,
    -49.81050909090908,
    -52.222538181818166,
    -57.8526109090909,
    -54.63456727272725,
    -58.65862545454545,
    -52.222538181818166,
    -55.440581818181805,
    -56.24659636363635
  ],
  "magnetizations": [
    0.9375,
    0.90625,
    0.84375,
    0.875,
    0.9375,
    0.90625,
    0.9375,
    0.875,
    0.90625,
    0.90625
  ],
  "sweeps": 800,
  "compress": "rle",
  "lattice_size": 4
}