{
  "lattice": "eJxrd/r6wZf5RQUAFAEEXw==",
  "beta_j": -0.20150363636363636,
  "beta_h": 0.2,
  "j2j1ratio": -1,
  "beta_energies": [
    -11.290218181818178,
    -21.35036363636363,
    -16.120290909090905,
    -17.72029090909091,
    -14.502247272727269,
    -14.496232727272723,
    -15.714276363636362,
    -13.308261818181812,
    -11.696232727272726,
    -13.702247272727268
  ],
  "magnetizations": [
    -0.0625,
    0.09375,
    0,
    0.125,
    0.0625,
    0.125,
    0.03125,
    -0.09375,
    -0.09375,
    0
  ],
  "sweeps": 100,
  "compress": "deflate",
  "lattice_size": 4
}