{
  "lattice": "AZEBtQGRAVcBNwHNAQEBQQ==",
  "beta_j": 0.20150363636363636,
  "beta_h": 0,
  "j2j1ratio": 0,
  "beta_energies": [
    -3.2240581818181817,
    -16.1202909090909,
    -10.478189090909087,
    -11.284203636363632,
    -9.672174545454542,
    -7.254130909090907,
    -16.926305454545446,
    -11.284203636363632,
    -4.030072727272727,
    -8.866159999999997
  ],
  "magnetizations": [
    -0.09375,
    -0.46875,
    0.125,
    -0.375,
    -0.5,
    -0.21875,
    -0.59375,
    -0.1875,
    0.09375,
    -0.34375
  ],
  "sweeps": 800,
  "compress": "rle",
  "lattice_size": 4
}