{
  "lattice": "AfsE/wH7Av8=",
  "beta_j": 0.20150363636363636,
  "beta_h": 0.6,
  "j2j1ratio": 0,
  "beta_energies": [
    -69.8526109090909,
    -69.8526109090909,
    -67.0405818181818,
    -63.42253818181817,
    -77.08869818181819,
    -73.47065454545455,
    -67.0405818181818,
    -73.47065454545455,
    -67.0405818181818,
    -73.47065454545455
  ],
  "magnetizations": [
    0.9375,
    0.9375,
    0.90625,
    0.875,
    1,
    0.96875,
    0.90625,
    0.96875,
    0.90625,
    0.96875
  ],
  "sweeps": 800,
  "compress": "rle",
  "lattice_size": 4
}