{
  "lattice": "eJwzr/8PBgAaJAax",
  "beta_j": 0.18471166666666666,
  "beta_h": 0.2,
  "j2j1ratio": 0,
  "beta_energies": [
    -40.01501999999998,
    -38.537326666666644,
    -27.67116666666667,
    -17.94385333333334,
    -36.25963333333331,
    -32.5654,
    -40.415019999999984,
    -30.687706666666656,
    -20.499240000000007,
    -29.14886
  ],
  "magnetizations": [
    0.875,
    0.875,
    0.71875,
    0.59375,
    0.8125,
    0.8125,
    0.90625,
    0.78125,
    0.5625,
    0.71875
  ],
  "sweeps": 800,
  "compress": "deflate",
  "lattice_size": 4
}