{
  "lattice": "AncB0QHtAekB7wH5Ad8=",
  "beta_j": 0.24628222222222224,
  "beta_h": 0.6,
  "j2j1ratio": -0.5,
  "beta_energies": [
    -24.40333777777778,
    -23.695902222222223,
    -27.510773333333336,
    -25.110773333333334,
    -20.095902222222218,
    -25.110773333333334,
    -23.05128888888889,
    -26.86616,
    -24.681031111111107,
    -25.173595555555565
  ],
  "magnetizations": [
    0.46875,
    0.4375,
    0.5625,
    0.5,
    0.34375,
    0.5,
    0.34375,
    0.46875,
    0.4375,
    0.4375
  ],
  "sweeps": 800,
  "compress": "rle",
  "lattice_size": 4
}