{
  "lattice": "eJyLilq6NCpq6VIAEMoD/Q==",
  "beta_j": -0.221654,
  "beta_h": 0.2,
  "j2j1ratio": 0.5,
  "beta_energies": [
    -85.11513600000002,
    -85.11513600000002,
    -79.39544000000001,
    -85.11513600000002,
    -85.11513600000002,
    -85.11513600000002,
    -85.11513600000002,
    -85.11513600000002,
    -85.11513600000002,
    -79.39544000000001
  ],
  "magnetizations": [
    0,
    0,
    -0.03125,
    0,
    0,
    0,
    0,
    0,
    0,
    -0.03125
  ],
  "sweeps": 100,
  "compress": "deflate",
  "lattice_size": 4
}