{
  "lattice": "eJyLilq6NCpq6VIAEMoD/Q==",
  "beta_j": -0.2110990476190476,
  "beta_h": 0,
  "j2j1ratio": 0.5,
  "beta_energies": [
    -81.06203428571428,
    -81.06203428571428,
    -81.06203428571428,
    -75.99565714285711,
    -81.06203428571428,
    -81.06203428571428,
    -81.06203428571428,
    -75.99565714285711,
    -81.06203428571428,
    -81.06203428571428
  ],
  "magnetizations": [
    0,
    0,
    0,
    -0.03125,
    0,
    0,
    0,
    -0.03125,
    0,
    0
  ],
  "sweeps": 100,
  "compress": "deflate",
  "lattice_size": 4
}