{
  "lattice": "eJxLrd3FffHB6tUAExMErw==",
  "beta_j": -0.2110990476190476,
  "beta_h": 0.4,
  "j2j1ratio": -1,
  "beta_energies": [
    -17.599131428571425,
    -21.776716190476186,
    -19.332319999999996,
    -25.287489523809512,
    -20.97671619047619,
    -22.665508571428568,
    -15.065942857142854,
    -17.465942857142856,
    -20.88792380952381,
    -15.999131428571427
  ],
  "magnetizations": [
    0.09375,
    0.125,
    0.0625,
    0.03125,
    0.09375,
    0.09375,
    0.09375,
    0.1875,
    0.15625,
    0.03125
  ],
  "sweeps": 100,
  "compress": "deflate",
  "lattice_size": 4
}