{
  "lattice": "AfcB/wEgATsB/wFvAQEB8A==",
  "beta_j": 0.24628222222222224,
  "beta_h": 0.4,
  "j2j1ratio": -1,
  "beta_energies": [
    -26.102577777777775,
    -27.39847999999999,
    -31.709253333333304,
    -19.762062222222223,
    -20.932319999999994,
    -23.147191111111113,
    -28.19847999999999,
    -19.947191111111113,
    -18.347191111111115,
    -30.04309333333333
  ],
  "magnetizations": [
    0.25,
    0.03125,
    -0.03125,
    0.15625,
    0.125,
    0.25,
    0.0625,
    0.125,
    0.0625,
    0.25
  ],
  "sweeps": 800,
  "compress": "rle",
  "lattice_size": 4
}