{
  "lattice": "eJz7/x8CACPkB/k=",
  "beta_j": 0.19274260869565216,
  "beta_h": 0.6,
  "j2j1ratio": 0.5,
  "beta_energies": [
    -112.41316173913043,
    -106.58733913043474,
    -112.41316173913043,
    -112.41316173913043,
    -106.58733913043474,
    -101.5324869565217,
    -112.41316173913043,
    -112.41316173913043,
    -112.41316173913043,
    -112.41316173913043
  ],
  "magnetizations": [
    1,
    0.96875,
    1,
    1,
    0.96875,
    0.9375,
    1,
    1,
    1,
    1
  ],
  "sweeps": 800,
  "compress": "deflate",
  "lattice_size": 4
}