{
  "lattice": "eJybu/O/cp36/s0AFUYEkA==",
  "beta_j": 0.18471166666666666,
  "beta_h": 0.4,
  "j2j1ratio": -1,
  "beta_energies": [
    -10.277693333333339,
    -16.49924,
    -17.4827,
    -16.743853333333334,
    -14.466160000000006,
    -15.576933333333338,
    -17.4827,
    -13.543853333333331,
    -12.127313333333335,
    -10.710773333333336
  ],
  "magnetizations": [
    0.34375,
    0.125,
    0.25,
    0.25,
    0.21875,
    0.03125,
    0.25,
    0.125,
    0.15625,
    0.1875
  ],
  "sweeps": 800,
  "compress": "deflate",
  "lattice_size": 4
}