{
  "lattice": "eJyLqVpuGqm16ioADzwDtQ==",
  "beta_j": -0.221654,
  "beta_h": 0.2,
  "j2j1ratio": 0,
  "beta_energies": [
    -20.305551999999988,
    -8.606311999999996,
    -11.266159999999998,
    -26.51186399999998,
    -13.126007999999993,
    -20.792167999999982,
    -8.86616,
    -11.126007999999993,
    -18.932319999999986,
    -26.111863999999986
  ],
  "magnetizations": [
    0.0625,
    0.1875,
    0.1875,
    0.0625,
    0.125,
    0.03125,
    0,
    -0.03125,
    0.09375,
    0.03125
  ],
  "sweeps": 100,
  "compress": "deflate",
  "lattice_size": 4
}