{
  "lattice": "eJxbvnSL1MLUL1EAFHIEbw==",
  "beta_j": -0.24628222222222224,
  "beta_h": 0.2,
  "j2j1ratio": 0,
  "beta_energies": [
    -18.717448888888896,
    -37.064640000000026,
    -38.820026666666685,
    -25.028222222222233,
    -36.44976888888891,
    -31.338995555555577,
    -32.10925333333336,
    -23.64309333333335,
    -26.813351111111132,
    -36.44976888888891
  ],
  "magnetizations": [
    0,
    0.125,
    0.03125,
    0.03125,
    0,
    0.0625,
    -0.03125,
    0,
    0.09375,
    0
  ],
  "sweeps": 100,
  "compress": "deflate",
  "lattice_size": 4
}