{
  "lattice": "eJx7u2xGtOrTsGgAFZsEQg==",
  "beta_j": -0.2110990476190476,
  "beta_h": 0.2,
  "j2j1ratio": 0,
  "beta_energies": [
    -15.554735238095226,
    -18.576716190476173,
    -18.97671619047617,
    -10.177150476190473,
    -8.310773333333332,
    -6.710773333333331,
    -0.8443961904761902,
    -14.665942857142849,
    -19.776716190476172,
    -13.954735238095223
  ],
  "magnetizations": [
    0.09375,
    0,
    0.03125,
    -0.0625,
    0.1875,
    0.0625,
    0,
    0.15625,
    0.09375,
    -0.03125
  ],
  "sweeps": 100,
  "compress": "deflate",
  "lattice_size": 4
}