{
  "lattice": "CP8=",
  "beta_j": 0.2110990476190476,
  "beta_h": 0.6,
  "j2j1ratio": 1,
  "beta_energies": [
    -159.99305142857142,
    -159.99305142857142,
    -159.99305142857142,
    -159.99305142857142,
    -159.99305142857142,
    -159.99305142857142,
    -159.99305142857142,
    -159.99305142857142,
    -159.99305142857142,
    -159.99305142857142
  ],
  "magnetizations": [
    1,
    1,
    1,
    1,
    1,
    1,
    1,
    1,
    1,
    1
  ],
  "sweeps": 800,
  "compress": "rle",
  "lattice_size": 4
}