{
  "lattice": "CP8=",
  "beta_j": 0.24628222222222224,
  "beta_h": 0.2,
  "j2j1ratio": 0.5,
  "beta_energies": [
    -107.37237333333339,
    -101.06160000000006,
    -107.37237333333339,
    -107.37237333333339,
    -101.06160000000006,
    -107.37237333333339,
    -107.37237333333339,
    -107.37237333333339,
    -107.37237333333339,
    -107.37237333333339
  ],
  "magnetizations": [
    1,
    0.96875,
    1,
    1,
    0.96875,
    1,
    1,
    1,
    1,
    1
  ],
  "sweeps": 800,
  "compress": "rle",
  "lattice_size": 4
}