{
  "lattice": "eJy7fSvH+tOlLeYAGGIFDA==",
  "beta_j": -0.19274260869565216,
  "beta_h": 0.6,
  "j2j1ratio": 0,
  "beta_energies": [
    -14.909704347826082,
    -10.967763478260867,
    -22.277467826086962,
    -10.967763478260867,
    -14.225822608695651,
    -11.912911304347826,
    -17.99358608695652,
    -13.964556521739134,
    -15.680674782608696,
    -15.767763478260868
  ],
  "magnetizations": [
    0.1875,
    0.125,
    0.21875,
    0.125,
    0.25,
    0.25,
    0.1875,
    0.0625,
    0.1875,
    0.25
  ],
  "sweeps": 100,
  "compress": "deflate",
  "lattice_size": 4
}