{
  "lattice": "AdkBQQH7Ac8BUAHkAXYBfg==",
  "beta_j": 0.23331999999999997,
  "beta_h": 0.2,
  "j2j1ratio": -0.5,
  "beta_energies": [
    -7.133039999999999,
    -13.932719999999993,
    -9.13304,
    -7.99968,
    -10.19944,
    -10.53296,
    -11.13288,
    -14.065999999999992,
    -11.799439999999999,
    -12.799520000000003
  ],
  "magnetizations": [
    0.15625,
    0.25,
    0.3125,
    0.1875,
    0.03125,
    0.3125,
    0.25,
    0.1875,
    0.15625,
    0.34375
  ],
  "sweeps": 800,
  "compress": "rle",
  "lattice_size": 4
}