{
  "lattice": "eJxjZlud36T8+wMAC84DtA==",
  "beta_j": 0.19274260869565216,
  "beta_h": 0,
  "j2j1ratio": -1,
  "beta_energies": [
    -13.106497391304345,
    -17.732319999999994,
    -10.02261565217391,
    -13.877467826086953,
    -13.877467826086953,
    -11.564556521739128,
    -17.732319999999994,
    -16.190379130434778,
    -16.961349565217386,
    -15.41940869565217
  ],
  "magnetizations": [
    -0.03125,
    -0.03125,
    -0.125,
    -0.09375,
    0.03125,
    0,
    -0.0625,
    0,
    -0.0625,
    0.0625
  ],
  "sweeps": 800,
  "compress": "deflate",
  "lattice_size": 4
}