{
  "lattice": "CP8=",
  "beta_j": 0.27706749999999997,
  "beta_h": 0.4,
  "j2j1ratio": 1,
  "beta_energies": [
    -185.19088000000022,
    -185.19088000000022,
    -185.19088000000022,
    -185.19088000000022,
    -185.19088000000022,
    -185.19088000000022,
    -185.19088000000022,
    -185.19088000000022,
    -185.19088000000022,
    -185.19088000000022
  ],
  "magnetizations": [
    1,
    1,
    1,
    1,
    1,
    1,
    1,
    1,
    1,
    1
  ],
  "sweeps": 800,
  "compress": "rle",
  "lattice_size": 4
}