{
  "lattice": "AcgB4AEIAeIBcQHQAXQB8w==",
  "beta_j": 0.20150363636363636,
  "beta_h": 0,
  "j2j1ratio": -1,
  "beta_energies": [
    -13.70224727272727,
    -13.702247272727266,
    -16.120290909090905,
    -20.15036363636363,
    -21.76239272727272,
    -15.31427636363636,
    -13.70224727272727,
    -12.896232727272725,
    -14.508261818181813,
    -16.92630545454545
  ],
  "magnetizations": [
    -0.125,
    0,
    0.09375,
    0.03125,
    0,
    0,
    0.0625,
    0,
    0.0625,
    0.03125
  ],
  "sweeps": 800,
  "compress": "rle",
  "lattice_size": 4
}