{
  "lattice": "Bf8B+wL/",
  "beta_j": 0.2110990476190476,
  "beta_h": 0,
  "j2j1ratio": 0.5,
  "beta_energies": [
    -75.99565714285711,
    -70.92927999999995,
    -75.99565714285711,
    -75.99565714285711,
    -81.06203428571428,
    -81.06203428571428,
    -75.99565714285711,
    -81.06203428571428,
    -81.06203428571428,
    -75.99565714285711
  ],
  "magnetizations": [
    0.96875,
    0.9375,
    0.96875,
    0.96875,
    1,
    1,
    0.96875,
    1,
    1,
    0.96875
  ],
  "sweeps": 800,
  "compress": "rle",
  "lattice_size": 4
}