{
  "lattice": "eJzT0xdSz5d0uQEAB1cCOw==",
  "beta_j": 0.18471166666666666,
  "beta_h": 0,
  "j2j1ratio": -1,
  "beta_energies": [
    -5.171926666666666,
    -16.993473333333338,
    -12.560393333333337,
    -11.82154666666667,
    -6.6496200000000005,
    -9.605006666666666,
    -9.60500666666667,
    -14.038086666666668,
    -11.082700000000003,
    -8.12731333333333
  ],
  "magnetizations": [
    -0.0625,
    0.1875,
    -0.09375,
    0,
    -0.09375,
    -0.0625,
    0.0625,
    -0.03125,
    -0.125,
    -0.0625
  ],
  "sweeps": 800,
  "compress": "deflate",
  "lattice_size": 4
}