{
  "lattice": "eJx78MN06qu1+vwAGBMEeA==",
  "beta_j": -0.24628222222222224,
  "beta_h": 0.6,
  "j2j1ratio": -1,
  "beta_energies": [
    -25.272835555555545,
    -19.576933333333333,
    -20.56206222222222,
    -18.376933333333334,
    -20.776933333333336,
    -24.072835555555557,
    -35.33899555555554,
    -21.672835555555547,
    -27.243093333333327,
    -26.813351111111096
  ],
  "magnetizations": [
    0.09375,
    0.125,
    0.125,
    0.09375,
    0.15625,
    0.0625,
    0.125,
    0,
    0.09375,
    0.03125
  ],
  "sweeps": 100,
  "compress": "deflate",
  "lattice_size": 4
}