{
  "lattice": "CP8=",
  "beta_j": 0.24628222222222224,
  "beta_h": 0.6,
  "j2j1ratio": 0,
  "beta_energies": [
    -85.68618666666669,
    -81.53080000000003,
    -71.0348977777778,
    -85.68618666666669,
    -81.53080000000003,
    -85.68618666666669,
    -81.53080000000003,
    -81.53080000000003,
    -71.0348977777778,
    -85.68618666666669
  ],
  "magnetizations": [
    1,
    0.96875,
    0.875,
    1,
    0.96875,
    1,
    0.96875,
    0.96875,
    0.875,
    1
  ],
  "sweeps": 800,
  "compress": "rle",
  "lattice_size": 4
}