{
  "lattice": "CAA=",
  "beta_j": 0.221654,
  "beta_h": 0,
  "j2j1ratio": 1,
  "beta_energies": [
    -127.67270400000004,
    -127.67270400000004,
    -127.67270400000004,
    -127.67270400000004,
    -127.67270400000004,
    -127.67270400000004,
    -127.67270400000004,
    -127.67270400000004,
    -127.67270400000004,
    -127.67270400000004
  ],
  "magnetizations": [
    -1,
    -1,
    -1,
    -1,
    -1,
    -1,
    -1,
    -1,
    -1,
    -1
  ],
  "sweeps": 800,
  "compress": "rle",
  "lattice_size": 4
}