{
  "lattice": "eJyLil66PCpevRcAD9YDbw==",
  "beta_j": -0.26076941176470586,
  "beta_h": 0.4,
  "j2j1ratio": 0,
  "beta_energies": [
    -30.320018823529395,
    -19.160009411764698,
    -29.520018823529398,
    -37.55079529411763,
    -35.778484705882335,
    -30.076941176470573,
    -34.73540705882351,
    -47.73849411764703,
    -25.66155294117646,
    -24.304630588235284
  ],
  "magnetizations": [
    0.125,
    0.21875,
    0.09375,
    0,
    0.09375,
    0.15625,
    0.09375,
    0.03125,
    0.1875,
    0.09375
  ],
  "sweeps": 100,
  "compress": "deflate",
  "lattice_size": 4
}