{
  "lattice": "eJxbVhq9r/1gVB0AE9QEVQ==",
  "beta_j": -0.221654,
  "beta_h": 0.6,
  "j2j1ratio": 0,
  "beta_energies": [
    -20.18585599999999,
    -16.639391999999994,
    -23.992167999999985,
    -20.812623999999992,
    -14.606311999999999,
    -21.385855999999993,
    -26.185855999999994,
    -18.779543999999998,
    -18.985855999999988,
    -10.486616
  ],
  "magnetizations": [
    0.15625,
    0.15625,
    0.09375,
    0.21875,
    0.21875,
    0.1875,
    0.3125,
    0.28125,
    0.125,
    0.25
  ],
  "sweeps": 100,
  "compress": "deflate",
  "lattice_size": 4
}