{
  "lattice": "eJz7/x8CACPkB/k=",
  "beta_j": 0.18471166666666666,
  "beta_h": 0.2,
  "j2j1ratio": 1,
  "beta_energies": [
    -119.19391999999996,
    -119.19391999999996,
    -119.19391999999996,
    -119.19391999999996,
    -119.19391999999996,
    -119.19391999999996,
    -119.19391999999996,
    -119.19391999999996,
    -119.19391999999996,
    -119.19391999999996
  ],
  "magnetizations": [
    1,
    1,
    1,
    1,
    1,
    1,
    1,
    1,
    1,
    1
  ],
  "sweeps": 800,
  "compress": "deflate",
  "lattice_size": 4
}