{
  "lattice": "AQABEAFiASABAQEiAQABIg==",
  "beta_j": 0.221654,
  "beta_h": 0,
  "j2j1ratio": 0,
  "beta_energies": [
    -23.05201599999998,
    -20.39216799999998,
    -23.05201599999998,
    -23.938631999999988,
    -29.25832799999998,
    -28.37171199999998,
    -37.237871999999996,
    -23.93863199999999,
    -21.278783999999987,
    -7.092928
  ],
  "magnetizations": [
    -0.6875,
    -0.6875,
    -0.65625,
    -0.6875,
    -0.78125,
    -0.8125,
    -0.9375,
    -0.71875,
    -0.75,
    -0.40625
  ],
  "sweeps": 800,
  "compress": "rle",
  "lattice_size": 4
}