{
  "lattice": "eJw7FbVlW9KR6csBFj0E8w==",
  "beta_j": -0.221654,
  "beta_h": 0.4,
  "j2j1ratio": 0,
  "beta_energies": [
    -14.099239999999993,
    -12.606311999999999,
    -20.132319999999986,
    -13.666160000000001,
    -7.806312,
    -17.839391999999997,
    -13.66616,
    -13.039391999999996,
    -7.63308,
    -11.373232000000002
  ],
  "magnetizations": [
    0.03125,
    0.25,
    0.09375,
    0.1875,
    0.0625,
    0.28125,
    0.1875,
    0.09375,
    0.125,
    0.375
  ],
  "sweeps": 100,
  "compress": "deflate",
  "lattice_size": 4
}