{
  "lattice": "eJyLilq6NCpq6VIAEMoD/Q==",
  "beta_j": -0.19274260869565216,
  "beta_h": 0,
  "j2j1ratio": 1,
  "beta_energies": [
    -111.01974260869564,
    -111.01974260869564,
    -111.01974260869564,
    -111.01974260869564,
    -111.01974260869564,
    -97.91324521739125,
    -111.01974260869564,
    -104.08100869565213,
    -111.01974260869564,
    -111.01974260869564
  ],
  "magnetizations": [
    0,
    0,
    0,
    0,
    0,
    0,
    0,
    0.03125,
    0,
    0
  ],
  "sweeps": 100,
  "compress": "deflate",
  "lattice_size": 4
}