{
  "lattice": "eJyTinq6NCpKdSkAD0oDfQ==",
  "beta_j": -0.18471166666666666,
  "beta_h": 0.2,
  "j2j1ratio": 0.5,
  "beta_energies": [
    -58.33830999999996,
    -66.89619999999996,
    -70.92927999999998,
    -70.92927999999998,
    -58.768886666666624,
    -66.89619999999996,
    -57.968886666666634,
    -70.92927999999998,
    -66.89619999999996,
    -70.92927999999998
  ],
  "magnetizations": [
    -0.03125,
    0.03125,
    0,
    0,
    0.03125,
    0.03125,
    -0.03125,
    0,
    0.03125,
    0
  ],
  "sweeps": 100,
  "compress": "deflate",
  "lattice_size": 4
}