{
  "lattice": "AS8BPwEvAg8BnwENAQ8=",
  "beta_j": 0.24628222222222224,
  "beta_h": 0.6,
  "j2j1ratio": -1,
  "beta_energies": [
    -37.524124444444425,
    -21.97693333333333,
    -25.917448888888885,
    -26.687706666666664,
    -28.872835555555554,
    -28.191804444444443,
    -28.747191111111107,
    -27.028222222222215,
    -22.836417777777775,
    -24.50257777777777
  ],
  "magnetizations": [
    0.15625,
    0.1875,
    0.1875,
    0.15625,
    0.1875,
    0.375,
    0.3125,
    0.0625,
    0.3125,
    0.125
  ],
  "sweeps": 800,
  "compress": "rle",
  "lattice_size": 4
}