{
  "lattice": "eJyTsbA9u3GTvz8ADaYDYA==",
  "beta_j": -0.26076941176470586,
  "beta_h": 0.4,
  "j2j1ratio": -0.5,
  "beta_energies": [
    -13.073854117647054,
    -8.972310588235295,
    -12.587698823529411,
    -10.187698823529407,
    -16.7600094117647,
    -11.716931764705876,
    -8.380004705882351,
    -14.395392941176464,
    -9.980004705882351,
    -15.473854117647058
  ],
  "magnetizations": [
    0.0625,
    0.1875,
    0.125,
    0.03125,
    0.125,
    -0.03125,
    0.0625,
    0.09375,
    0.125,
    0.15625
  ],
  "sweeps": 100,
  "compress": "deflate",
  "lattice_size": 4
}