{
  "lattice": "AQkBjgGIAf0BPwF1Ae8B/Q==",
  "beta_j": 0.2110990476190476,
  "beta_h": 0.4,
  "j2j1ratio": -0.5,
  "beta_energies": [
    -12.310773333333334,
    -11.466377142857144,
    -14.843961904761905,
    -11.97736761904762,
    -16.866159999999994,
    -8.688575238095236,
    -15.510773333333326,
    -12.355169523809522,
    -14.799565714285713,
    -14.377367619047618
  ],
  "magnetizations": [
    0.25,
    0.25,
    0.25,
    0.1875,
    0.3125,
    0.125,
    0.375,
    0.21875,
    0.28125,
    0.28125
  ],
  "sweeps": 800,
  "compress": "rle",
  "lattice_size": 4
}