{
  "lattice": "CP8=",
  "beta_j": 0.27706749999999997,
  "beta_h": 0.4,
  "j2j1ratio": 0,
  "beta_energies": [
    -78.79696000000007,
    -67.53080000000004,
    -70.54734000000005,
    -74.67215000000006,
    -63.40599000000003,
    -78.79696000000007,
    -70.54734000000005,
    -78.79696000000007,
    -74.67215000000006,
    -78.79696000000007
  ],
  "magnetizations": [
    1,
    0.90625,
    0.9375,
    0.96875,
    0.875,
    1,
    0.9375,
    1,
    0.96875,
    1
  ],
  "sweeps": 800,
  "compress": "rle",
  "lattice_size": 4
}