{
  "lattice": "eJxzXRX1e/XaPeUAFHsE0A==",
  "beta_j": -0.20150363636363636,
  "beta_h": 0.6,
  "j2j1ratio": 0,
  "beta_energies": [
    -16.460145454545454,
    -20.454130909090907,
    -12.824058181818181,
    -24.126305454545445,
    -23.696232727272722,
    -15.242101818181817,
    -24.126305454545445,
    -8.4,
    -9.6,
    -13.2
  ],
  "magnetizations": [
    0.21875,
    0.34375,
    0.25,
    0.1875,
    0.28125,
    0.25,
    0.1875,
    0.21875,
    0.25,
    0.34375
  ],
  "sweeps": 100,
  "compress": "deflate",
  "lattice_size": 4
}