{
  "lattice": "CP8=",
  "beta_j": 0.20150363636363636,
  "beta_h": 0.6,
  "j2j1ratio": 0.5,
  "beta_energies": [
    -115.7773963636364,
    -115.7773963636364,
    -115.7773963636364,
    -115.7773963636364,
    -115.7773963636364,
    -115.7773963636364,
    -115.7773963636364,
    -109.74130909090908,
    -115.7773963636364,
    -109.74130909090908
  ],
  "magnetizations": [
    1,
    1,
    1,
    1,
    1,
    1,
    1,
    0.96875,
    1,
    0.96875
  ],
  "sweeps": 800,
  "compress": "rle",
  "lattice_size": 4
}