{
  "lattice": "Af4BSwEiAfAB/wHQATwBUw==",
  "beta_j": 0.2110990476190476,
  "beta_h": 0.6,
  "j2j1ratio": -1,
  "beta_energies": [
    -17.465942857142853,
    -24.57671619047619,
    -20.710339047619044,
    -20.443961904761906,
    -18.310339047619046,
    -15.643961904761902,
    -19.865942857142855,
    -23.33275428571428,
    -20.710339047619044,
    -17.910773333333335
  ],
  "magnetizations": [
    0.125,
    0.15625,
    0.1875,
    0.3125,
    0.125,
    0.1875,
    0.1875,
    0.34375,
    0.1875,
    0.3125
  ],
  "sweeps": 800,
  "compress": "rle",
  "lattice_size": 4
}