{
  "lattice": "AfcD/wH3A/8=",
  "beta_j": 0.2110990476190476,
  "beta_h": 0.6,
  "j2j1ratio": 0,
  "beta_energies": [
    -71.46463999999997,
    -71.46463999999997,
    -71.46463999999997,
    -78.93101714285714,
    -61.10947047619044,
    -71.46463999999997,
    -71.46463999999997,
    -61.10947047619044,
    -60.26507428571425,
    -65.68705523809521
  ],
  "magnetizations": [
    0.9375,
    0.9375,
    0.9375,
    1,
    0.84375,
    0.9375,
    0.9375,
    0.84375,
    0.84375,
    0.875
  ],
  "sweeps": 800,
  "compress": "rle",
  "lattice_size": 4
}