{
  "lattice": "eJy7UBLP9enD0ikAFJYEyQ==",
  "beta_j": -0.221654,
  "beta_h": 0.2,
  "j2j1ratio": -0.5,
  "beta_energies": [
    -10.239391999999999,
    -9.179544,
    -2.4866159999999997,
    -9.709468,
    -9.622851999999998,
    -4.389772,
    -9.439391999999998,
    -10.996084,
    -10.639391999999999,
    -10.152776000000001
  ],
  "magnetizations": [
    -0.03125,
    0.09375,
    0.125,
    0.03125,
    0.09375,
    0.03125,
    -0.09375,
    0.0625,
    0,
    0.03125
  ],
  "sweeps": 100,
  "compress": "deflate",
  "lattice_size": 4
}