{
  "lattice": "eJyLK4q4FW0VFQcAD5QDUA==",
  "beta_j": -0.23331999999999997,
  "beta_h": 0.4,
  "j2j1ratio": -1,
  "beta_energies": [
    -28.531839999999995,
    -33.331519999999976,
    -22.26544,
    -24.932000000000002,
    -14.532639999999999,
    -22.665599999999998,
    -20.932319999999997,
    -21.465439999999997,
    -22.265439999999998,
    -25.732
  ],
  "magnetizations": [
    0.09375,
    0.0625,
    0.03125,
    0.0625,
    0.09375,
    0.15625,
    0.125,
    0,
    0.03125,
    0.09375
  ],
  "sweeps": 100,
  "compress": "deflate",
  "lattice_size": 4
}