{
  "lattice": "eJyr3DdtYWTcsksAFEcEng==",
  "beta_j": -0.2110990476190476,
  "beta_h": 0,
  "j2j1ratio": 0,
  "beta_energies": [
    -12.665942857142849,
    -13.510339047619038,
    -12.665942857142849,
    -21.109904761904744,
    -21.954300952380933,
    -15.199131428571416,
    -10.97715047619047,
    -10.97715047619047,
    -37.997828571428556,
    -27.020678095238065
  ],
  "magnetizations": [
    0.09375,
    -0.03125,
    0.03125,
    0.125,
    0,
    0,
    0.125,
    0.03125,
    -0.03125,
    0.0625
  ],
  "sweeps": 100,
  "compress": "deflate",
  "lattice_size": 4
}