{
  "lattice": "eJz78+6/+f2ndx8DAB4/BqU=",
  "beta_j": 0.18471166666666666,
  "beta_h": 0.6,
  "j2j1ratio": -0.5,
  "beta_energies": [
    -22.15538666666667,
    -18.369423333333334,
    -25.477693333333335,
    -17.17192666666667,
    -20.310773333333337,
    -23.724810000000005,
    -22.71077333333334,
    -21.32481,
    -24.833080000000002,
    -17.54135
  ],
  "magnetizations": [
    0.5,
    0.46875,
    0.625,
    0.3125,
    0.375,
    0.53125,
    0.4375,
    0.46875,
    0.53125,
    0.3125
  ],
  "sweeps": 800,
  "compress": "deflate",
  "lattice_size": 4
}