{
  "lattice": "eJxrFV62tjV0XRYAENMD3g==",
  "beta_j": -0.221654,
  "beta_h": 0,
  "j2j1ratio": -1,
  "beta_energies": [
    -18.618935999999998,
    -16.845703999999998,
    -18.618935999999998,
    -12.412623999999997,
    -21.278783999999998,
    -16.845703999999998,
    -15.959087999999998,
    -22.165399999999998,
    -15.959088,
    -12.412624
  ],
  "magnetizations": [
    -0.03125,
    0.09375,
    -0.03125,
    -0.03125,
    0,
    -0.03125,
    -0.03125,
    0,
    0,
    0.03125
  ],
  "sweeps": 100,
  "compress": "deflate",
  "lattice_size": 4
}