{
  "lattice": "eJyzifplrnloWi0AD+ADxg==",
  "beta_j": -0.2110990476190476,
  "beta_h": 0.4,
  "j2j1ratio": -0.5,
  "beta_energies": [
    -8.732971428571428,
    -9.066377142857139,
    -6.110990476190476,
    -7.555169523809525,
    -9.999565714285712,
    -10.710773333333332,
    -8.310773333333334,
    -10.888358095238095,
    -11.132971428571427,
    -5.511207619047619
  ],
  "magnetizations": [
    0.09375,
    0.15625,
    0.15625,
    0.03125,
    0.09375,
    0.1875,
    0.09375,
    0.0625,
    0.1875,
    0.28125
  ],
  "sweeps": 100,
  "compress": "deflate",
  "lattice_size": 4
}