{
  "lattice": "eJz7/x8CACPkB/k=",
  "beta_j": 0.19274260869565216,
  "beta_h": 0,
  "j2j1ratio": 0.5,
  "beta_energies": [
    -74.01316173913042,
    -74.01316173913042,
    -74.01316173913042,
    -69.38733913043475,
    -74.01316173913042,
    -74.01316173913042,
    -74.01316173913042,
    -74.01316173913042,
    -69.38733913043475,
    -61.29214956521735
  ],
  "magnetizations": [
    1,
    1,
    1,
    0.96875,
    1,
    1,
    1,
    1,
    0.96875,
    0.90625
  ],
  "sweeps": 800,
  "compress": "deflate",
  "lattice_size": 4
}