{
  "lattice": "CP8=",
  "beta_j": 0.26076941176470586,
  "beta_h": 0.6,
  "j2j1ratio": 1,
  "beta_energies": [
    -188.6031811764705,
    -188.6031811764705,
    -188.6031811764705,
    -188.6031811764705,
    -188.6031811764705,
    -188.6031811764705,
    -188.6031811764705,
    -188.6031811764705,
    -188.6031811764705,
    -188.6031811764705
  ],
  "magnetizations": [
    1,
    1,
    1,
    1,
    1,
    1,
    1,
    1,
    1,
    1
  ],
  "sweeps": 800,
  "compress": "rle",
  "lattice_size": 4
}