{
  "lattice": "eJyLilpqHn3r+VIAEKwEUg==",
  "beta_j": -0.23331999999999997,
  "beta_h": 0.6,
  "j2j1ratio": 0,
  "beta_energies": [
    -33.06512000000001,
    -29.1984,
    -16.5328,
    -26.66576,
    -17.199359999999995,
    -19.599359999999997,
    -22.532320000000006,
    -24.132160000000006,
    -25.46575999999999,
    -39.99792000000001
  ],
  "magnetizations": [
    0.15625,
    0.03125,
    0.1875,
    0.28125,
    0.15625,
    0.21875,
    0.125,
    0.09375,
    0.25,
    0.09375
  ],
  "sweeps": 100,
  "compress": "deflate",
  "lattice_size": 4
}