{
  "lattice": "CP8=",
  "beta_j": 0.20150363636363636,
  "beta_h": 0.4,
  "j2j1ratio": 1,
  "beta_energies": [
    -141.6660945454546,
    -141.6660945454546,
    -141.6660945454546,
    -141.6660945454546,
    -141.6660945454546,
    -141.6660945454546,
    -141.6660945454546,
    -141.6660945454546,
    -141.6660945454546,
    -141.6660945454546
  ],
  "magnetizations": [
    1,
    1,
    1,
    1,
    1,
    1,
    1,
    1,
    1,
    1
  ],
  "sweeps": 800,
  "compress": "rle",
  "lattice_size": 4
}