{
  "lattice": "CP8=",
  "beta_j": 0.23331999999999997,
  "beta_h": 0.4,
  "j2j1ratio": 1,
  "beta_energies": [
    -159.99231999999992,
    -159.99231999999992,
    -159.99231999999992,
    -159.99231999999992,
    -159.99231999999992,
    -159.99231999999992,
    -159.99231999999992,
    -159.99231999999992,
    -159.99231999999992,
    -159.99231999999992
  ],
  "magnetizations": [
    1,
    1,
    1,
    1,
    1,
    1,
    1,
    1,
    1,
    1
  ],
  "sweeps": 800,
  "compress": "rle",
  "lattice_size": 4
}