{
  "lattice": "eJwrLX319OP03i4AGAUFWQ==",
  "beta_j": -0.18471166666666666,
  "beta_h": 0.6,
  "j2j1ratio": -1,
  "beta_energies": [
    -17.0827,
    -18.09924,
    -13.205006666666668,
    -19.4827,
    -14.866160000000002,
    -21.05462666666667,
    -12.555386666666667,
    -19.39347333333334,
    -22.810013333333337,
    -12.743853333333337
  ],
  "magnetizations": [
    0.15625,
    0.125,
    0.09375,
    0.21875,
    0.15625,
    0.125,
    0.25,
    0.0625,
    0.09375,
    0.0625
  ],
  "sweeps": 100,
  "compress": "deflate",
  "lattice_size": 4
}