{
  "lattice": "AQABQAEAAYABQAHEAgA=",
  "beta_j": 0.24628222222222224,
  "beta_h": 0,
  "j2j1ratio": 0,
  "beta_energies": [
    -33.494382222222235,
    -38.4200266666667,
    -39.405155555555574,
    -32.50925333333335,
    -31.52412444444446,
    -32.50925333333334,
    -33.49438222222224,
    -36.44976888888891,
    -40.390284444444475,
    -26.598480000000023
  ],
  "magnetizations": [
    -0.8125,
    -0.90625,
    -0.90625,
    -0.78125,
    -0.78125,
    -0.78125,
    -0.84375,
    -0.875,
    -0.90625,
    -0.71875
  ],
  "sweeps": 800,
  "compress": "rle",
  "lattice_size": 4
}