{
  "lattice": "eJyLi1q6VCpq6VIAD+oDwQ==",
  "beta_j": -0.27706749999999997,
  "beta_h": 0.4,
  "j2j1ratio": 0.5,
  "beta_energies": [
    -93.0946800000001,
    -106.39392000000015,
    -106.39392000000015,
    -106.39392000000015,
    -106.39392000000015,
    -106.39392000000015,
    -106.39392000000015,
    -106.39392000000015,
    -106.39392000000015,
    -106.39392000000015
  ],
  "magnetizations": [
    0,
    0,
    0,
    0,
    0,
    0,
    0,
    0,
    0,
    0
  ],
  "sweeps": 100,
  "compress": "deflate",
  "lattice_size": 4
}