{
  "lattice": "eJx7bVFSsrol5DoAE5sEZg==",
  "beta_j": -0.221654,
  "beta_h": 0,
  "j2j1ratio": -0.5,
  "beta_energies": [
    -11.526008,
    -8.422851999999999,
    0.44330800000000004,
    -6.206311999999999,
    -7.536235999999999,
    -6.649619999999999,
    -7.979543999999999,
    -10.196083999999999,
    -9.752775999999999,
    -6.649619999999999
  ],
  "magnetizations": [
    0.03125,
    0.03125,
    -0.09375,
    0,
    0,
    0.09375,
    0.09375,
    0,
    0,
    -0.125
  ],
  "sweeps": 100,
  "compress": "deflate",
  "lattice_size": 4
}