{
  "lattice": "eJz7uEzuZWblvFUAFlAEyQ==",
  "beta_j": -0.2110990476190476,
  "beta_h": 0,
  "j2j1ratio": -0.5,
  "beta_energies": [
    -8.443961904761904,
    -6.332971428571428,
    -6.7551695238095215,
    -6.332971428571429,
    -6.755169523809521,
    -11.821546666666666,
    -8.021763809523806,
    -8.866159999999999,
    -9.710556190476186,
    -13.932537142857136
  ],
  "magnetizations": [
    0.125,
    0,
    0.09375,
    -0.125,
    0.0625,
    -0.03125,
    -0.03125,
    0.0625,
    0.03125,
    -0.03125
  ],
  "sweeps": 100,
  "compress": "deflate",
  "lattice_size": 4
}