{
  "lattice": "CP8=",
  "beta_j": 0.26076941176470586,
  "beta_h": 0.4,
  "j2j1ratio": 0.5,
  "beta_energies": [
    -125.73545411764701,
    -125.73545411764701,
    -125.73545411764701,
    -125.73545411764701,
    -125.73545411764701,
    -125.73545411764701,
    -125.73545411764701,
    -125.73545411764701,
    -125.73545411764701,
    -125.73545411764701
  ],
  "magnetizations": [
    1,
    1,
    1,
    1,
    1,
    1,
    1,
    1,
    1,
    1
  ],
  "sweeps": 800,
  "compress": "rle",
  "lattice_size": 4
}