{
  "lattice": "Ae8B/gHgARAB/wFXAQcBVw==",
  "beta_j": 0.27706749999999997,
  "beta_h": 0.4,
  "j2j1ratio": -0.5,
  "beta_energies": [
    -23.332319999999996,
    -19.453374999999998,
    -15.266159999999998,
    -23.515779999999996,
    -19.390969999999996,
    -22.161644999999996,
    -15.820295000000002,
    -15.57443,
    -19.574429999999996,
    -23.207509999999996
  ],
  "magnetizations": [
    0.21875,
    0.21875,
    0.25,
    0.3125,
    0.28125,
    0.28125,
    0.25,
    0.21875,
    0.375,
    0.34375
  ],
  "sweeps": 800,
  "compress": "rle",
  "lattice_size": 4
}