{
  "lattice": "AR8BLwGZAQcBHwGdAU4BCw==",
  "beta_j": 0.26076941176470586,
  "beta_h": 0.2,
  "j2j1ratio": -0.5,
  "beta_energies": [
    -11.752315294117647,
    -13.073854117647052,
    -10.466159999999999,
    -11.144621176470586,
    -11.752315294117643,
    -10.223082352941175,
    -14.11693176470588,
    -9.823082352941174,
    -13.90923764705882,
    -14.360009411764702
  ],
  "magnetizations": [
    0.0625,
    0.125,
    0.125,
    0.21875,
    0.0625,
    0.1875,
    0.125,
    0.15625,
    0.3125,
    0.0625
  ],
  "sweeps": 800,
  "compress": "rle",
  "lattice_size": 4
}