{
  "lattice": "eJxbujQqaunWqCgAE1IEDQ==",
  "beta_j": -0.27706749999999997,
  "beta_h": 0.6,
  "j2j1ratio": 0.5,
  "beta_energies": [
    -100.94430000000013,
    -106.39392000000015,
    -106.39392000000015,
    -106.39392000000015,
    -106.39392000000015,
    -106.39392000000015,
    -106.39392000000015,
    -106.39392000000015,
    -106.39392000000015,
    -106.39392000000015
  ],
  "magnetizations": [
    0.03125,
    0,
    0,
    0,
    0,
    0,
    0,
    0,
    0,
    0
  ],
  "sweeps": 100,
  "compress": "deflate",
  "lattice_size": 4
}