{
  "lattice": "CP8=",
  "beta_j": 0.20150363636363636,
  "beta_h": 0.6,
  "j2j1ratio": 1,
  "beta_energies": [
    -154.46609454545458,
    -154.46609454545458,
    -154.46609454545458,
    -154.46609454545458,
    -154.46609454545458,
    -154.46609454545458,
    -154.46609454545458,
    -154.46609454545458,
    -154.46609454545458,
    -154.46609454545458
  ],
  "magnetizations": [
    1,
    1,
    1,
    1,
    1,
    1,
    1,
    1,
    1,
    1
  ],
  "sweeps": 800,
  "compress": "rle",
  "lattice_size": 4
}