{
  "lattice": "Ab8BnwEPAQQBrwG/AQQBAA==",
  "beta_j": 0.2110990476190476,
  "beta_h": 0,
  "j2j1ratio": -1,
  "beta_energies": [
    -26.176281904761893,
    -16.043527619047616,
    -23.643093333333326,
    -17.732319999999994,
    -17.732319999999994,
    -17.732319999999998,
    -18.576716190476183,
    -26.1762819047619,
    -16.8879238095238,
    -19.421112380952373
  ],
  "magnetizations": [
    0,
    -0.0625,
    -0.0625,
    0.03125,
    -0.0625,
    0.09375,
    0.03125,
    0.03125,
    0.03125,
    -0.03125
  ],
  "sweeps": 800,
  "compress": "rle",
  "lattice_size": 4
}