{
  "lattice": "eJz7FbV0aVTU0qUAFcoEnQ==",
  "beta_j": -0.19274260869565216,
  "beta_h": 0.6,
  "j2j1ratio": 0.5,
  "beta_energies": [
    -67.16151652173909,
    -74.01316173913042,
    -61.33569391304346,
    -64.12117913043474,
    -68.18733913043475,
    -74.01316173913042,
    -60.222782608695645,
    -74.01316173913042,
    -67.5470017391304,
    -67.5470017391304
  ],
  "magnetizations": [
    0.0625,
    0,
    0.03125,
    0.09375,
    -0.03125,
    0,
    0.0625,
    0,
    0.0625,
    0.0625
  ],
  "sweeps": 100,
  "compress": "deflate",
  "lattice_size": 4
}