{
  "lattice": "eJxbavdni+76bRsAFSsE1g==",
  "beta_j": -0.27706749999999997,
  "beta_h": 0.6,
  "j2j1ratio": -0.5,
  "beta_energies": [
    -19.853375,
    -21.978185,
    -17.0827,
    -16.620295,
    -20.499239999999997,
    -14.495485,
    -14.866159999999997,
    -9.970674999999998,
    -15.14135,
    -14.866159999999997
  ],
  "magnetizations": [
    0.15625,
    0.125,
    0.15625,
    0.1875,
    0.1875,
    0.21875,
    0.15625,
    0.1875,
    0.25,
    0.15625
  ],
  "sweeps": 100,
  "compress": "deflate",
  "lattice_size": 4
}