{
  "lattice": "eJyLilq6NCpq6VMAEQoEPQ==",
  "beta_j": -0.221654,
  "beta_h": 0.4,
  "j2j1ratio": 0.5,
  "beta_energies": [
    -80.59544000000001,
    -85.11513600000002,
    -85.11513600000002,
    -85.11513600000002,
    -80.59544000000001,
    -85.11513600000002,
    -78.99544000000002,
    -72.44266399999998,
    -85.11513600000002,
    -85.11513600000002
  ],
  "magnetizations": [
    0.03125,
    0,
    0,
    0,
    0.03125,
    0,
    -0.03125,
    0.09375,
    0,
    0
  ],
  "sweeps": 100,
  "compress": "deflate",
  "lattice_size": 4
}