{
  "lattice": "eJzrEol/vvTSUl8AEkIETg==",
  "beta_j": -0.2110990476190476,
  "beta_h": 0.2,
  "j2j1ratio": -0.5,
  "beta_energies": [
    -7.155169523809524,
    -7.621763809523808,
    -10.932754285714282,
    -8.377367619047618,
    -8.888358095238093,
    -10.066159999999996,
    -9.666159999999998,
    -6.155386666666666,
    -9.754952380952377,
    -8.843961904761903
  ],
  "magnetizations": [
    0.03125,
    -0.03125,
    0.0625,
    0.09375,
    -0.03125,
    0.09375,
    0.0625,
    0.25,
    -0.0625,
    0.03125
  ],
  "sweeps": 100,
  "compress": "deflate",
  "lattice_size": 4
}