{
  "lattice": "eJz7/dqVc0eXbhYAFVoEDg==",
  "beta_j": -0.20150363636363636,
  "beta_h": 0.4,
  "j2j1ratio": -1,
  "beta_energies": [
    -8.054130909090908,
    -14.47818909090909,
    -14.50224727272727,
    -16.09021818181818,
    -13.70224727272727,
    -12.090218181818177,
    -12.084203636363636,
    -20.95036363636363,
    -16.10224727272727,
    -20.938334545454538
  ],
  "magnetizations": [
    0.03125,
    0.15625,
    0.03125,
    0.15625,
    0,
    0,
    0.03125,
    0.03125,
    0.09375,
    0.09375
  ],
  "sweeps": 100,
  "compress": "deflate",
  "lattice_size": 4
}