{
  "lattice": "eJzL99XJrM3mzAQADGACrA==",
  "beta_j": -0.19274260869565216,
  "beta_h": 0.4,
  "j2j1ratio": -1,
  "beta_energies": [
    -14.706497391304342,
    -13.22261565217391,
    -8.625822608695652,
    -11.59358608695652,
    -20.874260869565212,
    -9.396793043478258,
    -17.106497391304345,
    -10.109704347826089,
    -12.306497391304344,
    -15.448438260869562
  ],
  "magnetizations": [
    0.0625,
    0.125,
    0.15625,
    0.03125,
    0.0625,
    0.15625,
    0.15625,
    0.09375,
    -0.03125,
    0.03125
  ],
  "sweeps": 100,
  "compress": "deflate",
  "lattice_size": 4
}