{
  "lattice": "AecH/w==",
  "beta_j": 0.23331999999999997,
  "beta_h": 0.6,
  "j2j1ratio": 0,
  "beta_energies": [
    -75.19775999999999,
    -75.19775999999999,
    -71.19792,
    -83.19743999999997,
    -79.19759999999998,
    -79.19759999999998,
    -83.19743999999997,
    -76.13103999999998,
    -79.19759999999998,
    -75.19775999999999
  ],
  "magnetizations": [
    0.9375,
    0.9375,
    0.90625,
    1,
    0.96875,
    0.96875,
    1,
    0.9375,
    0.96875,
    0.9375
  ],
  "sweeps": 800,
  "compress": "rle",
  "lattice_size": 4
}