{
  "lattice": "CP8=",
  "beta_j": 0.24628222222222224,
  "beta_h": 0.4,
  "j2j1ratio": 1,
  "beta_energies": [
    -167.45856000000006,
    -167.45856000000006,
    -167.45856000000006,
    -167.45856000000006,
    -167.45856000000006,
    -167.45856000000006,
    -167.45856000000006,
    -167.45856000000006,
    -167.45856000000006,
    -167.45856000000006
  ],
  "magnetizations": [
    1,
    1,
    1,
    1,
    1,
    1,
    1,
    1,
    1,
    1
  ],
  "sweeps": 800,
  "compress": "rle",
  "lattice_size": 4
}