{
  "lattice": "eJyLilq6NCpq6VIAEMoD/Q==",
  "beta_j": -0.27706749999999997,
  "beta_h": 0.4,
  "j2j1ratio": 1,
  "beta_energies": [
    -159.59088000000023,
    -159.59088000000023,
    -159.59088000000023,
    -159.59088000000023,
    -159.59088000000023,
    -159.59088000000023,
    -159.59088000000023,
    -159.59088000000023,
    -159.59088000000023,
    -159.59088000000023
  ],
  "magnetizations": [
    0,
    0,
    0,
    0,
    0,
    0,
    0,
    0,
    0,
    0
  ],
  "sweeps": 100,
  "compress": "deflate",
  "lattice_size": 4
}