{
  "lattice": "eJyLilq5NCpu6VIAEO4EBQ==",
  "beta_j": -0.18471166666666666,
  "beta_h": 0,
  "j2j1ratio": 0.5,
  "beta_energies": [
    -58.368886666666626,
    -70.92927999999998,
    -70.92927999999998,
    -70.92927999999998,
    -66.49619999999996,
    -66.49619999999996,
    -62.432543333333285,
    -66.49619999999996,
    -66.49619999999996,
    -66.49619999999996
  ],
  "magnetizations": [
    0.03125,
    0,
    0,
    0,
    -0.03125,
    -0.03125,
    -0.0625,
    0.03125,
    -0.03125,
    -0.03125
  ],
  "sweeps": 100,
  "compress": "deflate",
  "lattice_size": 4
}