{
  "lattice": "eJy7Hvve8mNo3xUAFrUFBQ==",
  "beta_j": -0.18471166666666666,
  "beta_h": 0.6,
  "j2j1ratio": -0.5,
  "beta_energies": [
    -8.4,
    -10.43308,
    -8.305766666666665,
    -11.08019666666667,
    -9.322306666666666,
    -12.371926666666667,
    -12.371926666666667,
    -9.50827,
    -10.247116666666667,
    -10.24962
  ],
  "magnetizations": [
    0.21875,
    0.15625,
    0.3125,
    0.125,
    0.28125,
    0.1875,
    0.1875,
    0.21875,
    0.21875,
    0.09375
  ],
  "sweeps": 100,
  "compress": "deflate",
  "lattice_size": 4
}