{
  "lattice": "eJx7uDQqavnSuFsAFZIEvw==",
  "beta_j": -0.26076941176470586,
  "beta_h": 0.6,
  "j2j1ratio": 0,
  "beta_energies": [
    -40.107717647058806,
    -29.83386352941175,
    -39.63695058823527,
    -44.2800282352941,
    -28.21847529411764,
    -42.350795294117624,
    -35.20617411764704,
    -36.24925176470586,
    -36.82156235294116,
    -42.03695058823527
  ],
  "magnetizations": [
    0.09375,
    0.125,
    0,
    0.09375,
    0.21875,
    0.125,
    0.15625,
    0.15625,
    0.0625,
    0.0625
  ],
  "sweeps": 100,
  "compress": "deflate",
  "lattice_size": 4
}