{
  "lattice": "A/8B+wP/Ad8=",
  "beta_j": 0.23331999999999997,
  "beta_h": 0.4,
  "j2j1ratio": 0,
  "beta_energies": [
    -63.197759999999995,
    -60.5312,
    -70.39743999999997,
    -66.79759999999999,
    -66.79759999999999,
    -45.33184,
    -70.39743999999997,
    -66.79759999999999,
    -55.998080000000016,
    -57.86464000000001
  ],
  "magnetizations": [
    0.9375,
    0.90625,
    1,
    0.96875,
    0.96875,
    0.75,
    1,
    0.96875,
    0.875,
    0.875
  ],
  "sweeps": 800,
  "compress": "rle",
  "lattice_size": 4
}