{
  "lattice": "eJz7///////73/8DACMDB6g=",
  "beta_j": 0.19274260869565216,
  "beta_h": 0.6,
  "j2j1ratio": 0,
  "beta_energies": [
    -65.63881739130433,
    -75.4065808695652,
    -71.89366956521738,
    -69.15172869565215,
    -68.38075826086954,
    -71.89366956521738,
    -69.15172869565215,
    -57.842024347826076,
    -68.38075826086954,
    -71.89366956521738
  ],
  "magnetizations": [
    0.90625,
    1,
    0.96875,
    0.9375,
    0.9375,
    0.96875,
    0.9375,
    0.84375,
    0.9375,
    0.96875
  ],
  "sweeps": 800,
  "compress": "deflate",
  "lattice_size": 4
}