{
  "lattice": "eJwLDlk2OzR03WoAEDED7A==",
  "beta_j": -0.26076941176470586,
  "beta_h": 0,
  "j2j1ratio": -1,
  "beta_energies": [
    -27.1200188235294,
    -46.93849411764703,
    -17.732319999999994,
    -26.076941176470577,
    -20.861552941176463,
    -22.947708235294108,
    -20.861552941176463,
    -25.033863529411757,
    -30.249251764705868,
    -33.378484705882336
  ],
  "magnetizations": [
    0.0625,
    0.03125,
    0,
    0.03125,
    0,
    0.03125,
    0.03125,
    0.125,
    0.0625,
    0
  ],
  "sweeps": 100,
  "compress": "deflate",
  "lattice_size": 4
}