{
  "lattice": "eJybPPXYyl0zbpUDABd/BTs=",
  "beta_j": -0.24628222222222224,
  "beta_h": 0.6,
  "j2j1ratio": -0.5,
  "beta_energies": [
    -8.525644444444444,
    -15.851288888888888,
    -9.295902222222223,
    -14.588466666666665,
    -13.451288888888891,
    -12.188466666666663,
    -16.343853333333332,
    -11.695902222222223,
    -13.81820888888889,
    -14.373595555555555
  ],
  "magnetizations": [
    0.09375,
    0.15625,
    0.0625,
    0.1875,
    0.09375,
    0.125,
    0.15625,
    0.125,
    0.21875,
    0.15625
  ],
  "sweeps": 100,
  "compress": "deflate",
  "lattice_size": 4
}