{
  "lattice": "AQ8B7gErAfMBjwF/AX0B+g==",
  "beta_j": 0.24628222222222224,
  "beta_h": 0.4,
  "j2j1ratio": -0.5,
  "beta_energies": [
    -12.062822222222223,
    -12.062822222222223,
    -18.89590222222222,
    -11.633079999999996,
    -18.65128888888889,
    -17.788466666666665,
    -14.340515555555552,
    -16.74385333333333,
    -19.94385333333333,
    -19.206675555555556
  ],
  "magnetizations": [
    0.375,
    0.375,
    0.46875,
    0.28125,
    0.34375,
    0.40625,
    0.40625,
    0.25,
    0.375,
    0.25
  ],
  "sweeps": 800,
  "compress": "rle",
  "lattice_size": 4
}