{
  "lattice": "eJyrjY79zbDjTRAAEdQEJw==",
  "beta_j": 0.19274260869565216,
  "beta_h": 0,
  "j2j1ratio": -0.5,
  "beta_energies": [
    -5.011307826086956,
    -6.553248695652171,
    -7.709704347826085,
    -6.9387339130434755,
    1.156455652173913,
    -6.167763478260867,
    -3.854852173913043,
    -9.251645217391301,
    -8.095189565217389,
    -8.480674782608693
  ],
  "magnetizations": [
    0.09375,
    0,
    -0.03125,
    0.09375,
    0.03125,
    0.125,
    -0.0625,
    0.125,
    0.0625,
    0.125
  ],
  "sweeps": 800,
  "compress": "deflate",
  "lattice_size": 4
}