{
  "lattice": "CP8=",
  "beta_j": 0.2110990476190476,
  "beta_h": 0.4,
  "j2j1ratio": 0.5,
  "beta_energies": [
    -106.66203428571427,
    -106.66203428571427,
    -100.79565714285711,
    -106.66203428571427,
    -106.66203428571427,
    -106.66203428571427,
    -106.66203428571427,
    -100.79565714285712,
    -106.66203428571427,
    -106.66203428571427
  ],
  "magnetizations": [
    1,
    1,
    0.96875,
    1,
    1,
    1,
    1,
    0.96875,
    1,
    1
  ],
  "sweeps": 800,
  "compress": "rle",
  "lattice_size": 4
}