{
  "lattice": "AeMBbgG7AQ8B7gH+AaIBAw==",
  "beta_j": 0.221654,
  "beta_h": 0,
  "j2j1ratio": -0.5,
  "beta_energies": [
    -9.309467999999999,
    -5.763004,
    -11.082699999999999,
    -3.9897719999999994,
    -8.422852,
    -13.742547999999996,
    -11.526008,
    -3.5464640000000003,
    -9.309467999999999,
    -11.082699999999999
  ],
  "magnetizations": [
    0.1875,
    0.1875,
    0.0625,
    0.125,
    -0.15625,
    0.1875,
    0,
    -0.125,
    -0.09375,
    0.125
  ],
  "sweeps": 800,
  "compress": "rle",
  "lattice_size": 4
}