{
  "lattice": "eJyLilq6NCp66VIAEM0D/g==",
  "beta_j": -0.24628222222222224,
  "beta_h": 0.6,
  "j2j1ratio": 0.5,
  "beta_energies": [
    -89.86160000000007,
    -94.57237333333339,
    -89.86160000000005,
    -94.57237333333339,
    -89.86160000000005,
    -94.57237333333339,
    -94.57237333333339,
    -94.57237333333339,
    -94.57237333333339,
    -94.57237333333339
  ],
  "magnetizations": [
    0.03125,
    0,
    0.03125,
    0,
    0.03125,
    0,
    0,
    0,
    0,
    0
  ],
  "sweeps": 100,
  "compress": "deflate",
  "lattice_size": 4
}