{
  "lattice": "eJz7/x8CACPkB/k=",
  "beta_j": 0.18471166666666666,
  "beta_h": 0.4,
  "j2j1ratio": 1,
  "beta_energies": [
    -131.99391999999997,
    -131.99391999999997,
    -131.99391999999997,
    -131.99391999999997,
    -131.99391999999997,
    -131.99391999999997,
    -131.99391999999997,
    -124.54429999999992,
    -131.99391999999997,
    -131.99391999999997
  ],
  "magnetizations": [
    1,
    1,
    1,
    1,
    1,
    1,
    1,
    0.96875,
    1,
    1
  ],
  "sweeps": 800,
  "compress": "deflate",
  "lattice_size": 4
}