{
  "lattice": "AXwB4wHuA7sB/AHu",
  "beta_j": 0.2110990476190476,
  "beta_h": 0.6,
  "j2j1ratio": -0.5,
  "beta_energies": [
    -24.399565714285707,
    -25.599565714285703,
    -15.86637714285714,
    -20.66637714285714,
    -26.95538666666666,
    -28.99978285714285,
    -22.71077333333333,
    -27.02198095238095,
    -21.377584761904757,
    -23.13297142857142
  ],
  "magnetizations": [
    0.4375,
    0.46875,
    0.28125,
    0.40625,
    0.625,
    0.65625,
    0.4375,
    0.59375,
    0.46875,
    0.4375
  ],
  "sweeps": 800,
  "compress": "rle",
  "lattice_size": 4
}