{
  "lattice": "eJy7++/7//Pr+dcDAB69Bg4=",
  "beta_j": 0.19274260869565216,
  "beta_h": 0.6,
  "j2j1ratio": -0.5,
  "beta_energies": [
    -26.22582260869566,
    -17.440337391304347,
    -17.011307826086956,
    -26.095189565217396,
    -24.596793043478264,
    -16.283881739130432,
    -19.49839652173913,
    -20.567763478260865,
    -25.709704347826097,
    -23.054852173913048
  ],
  "magnetizations": [
    0.5625,
    0.34375,
    0.3125,
    0.46875,
    0.5,
    0.34375,
    0.4375,
    0.375,
    0.46875,
    0.5
  ],
  "sweeps": 800,
  "compress": "deflate",
  "lattice_size": 4
}