{
  "lattice": "CP8=",
  "beta_j": 0.23331999999999997,
  "beta_h": 0.2,
  "j2j1ratio": 0.5,
  "beta_energies": [
    -102.39487999999994,
    -102.39487999999994,
    -96.39519999999996,
    -102.39487999999994,
    -102.39487999999994,
    -102.39487999999994,
    -102.39487999999994,
    -102.39487999999994,
    -102.39487999999994,
    -96.39519999999997
  ],
  "magnetizations": [
    1,
    1,
    0.96875,
    1,
    1,
    1,
    1,
    1,
    1,
    0.96875
  ],
  "sweeps": 800,
  "compress": "rle",
  "lattice_size": 4
}