{
  "lattice": "Ae8C/wF/BP8=",
  "beta_j": 0.2110990476190476,
  "beta_h": 0.2,
  "j2j1ratio": 0,
  "beta_energies": [
    -47.464639999999974,
    -39.509470476190444,
    -41.19826285714282,
    -39.509470476190444,
    -33.243093333333306,
    -38.265074285714256,
    -43.287055238095206,
    -35.33188571428569,
    -42.44265904761901,
    -4.44439619047619
  ],
  "magnetizations": [
    0.9375,
    0.84375,
    0.84375,
    0.84375,
    0.75,
    0.8125,
    0.875,
    0.78125,
    0.875,
    0.28125
  ],
  "sweeps": 800,
  "compress": "rle",
  "lattice_size": 4
}