{
  "lattice": "eJyr+bV8qVPUanYAFVQEEQ==",
  "beta_j": -0.18471166666666666,
  "beta_h": 0.2,
  "j2j1ratio": 0,
  "beta_energies": [
    -15.576933333333344,
    -16.038086666666675,
    -7.233080000000001,
    -11.605006666666672,
    -9.327313333333336,
    -15.176933333333343,
    -11.266160000000005,
    -5.6330800000000005,
    -8.927313333333338,
    -4.894233333333334
  ],
  "magnetizations": [
    0.0625,
    0.15625,
    0.21875,
    0.15625,
    0.09375,
    0.03125,
    0.1875,
    0.09375,
    0.0625,
    0.09375
  ],
  "sweeps": 100,
  "compress": "deflate",
  "lattice_size": 4
}