{
  "lattice": "eJxbpuu56M7DWlsAEp0ENg==",
  "beta_j": -0.23331999999999997,
  "beta_h": 0.2,
  "j2j1ratio": -0.5,
  "beta_energies": [
    -6.866319999999999,
    -13.79928,
    -5.2663199999999994,
    -8.26624,
    -11.93272,
    -9.399439999999998,
    -8.399519999999999,
    -9.332799999999999,
    -9.26616,
    -13.39928
  ],
  "magnetizations": [
    0.0625,
    0.09375,
    -0.0625,
    0.0625,
    0.09375,
    -0.03125,
    0,
    0,
    0.03125,
    0.0625
  ],
  "sweeps": 100,
  "compress": "deflate",
  "lattice_size": 4
}