{
  "lattice": "Af8C3wHrA/8Bvw==",
  "beta_j": 0.23331999999999997,
  "beta_h": 0.2,
  "j2j1ratio": 0,
  "beta_energies": [
    -41.59824000000002,
    -47.99792000000001,
    -57.59743999999998,
    -47.99792000000001,
    -44.79808000000001,
    -44.79808000000001,
    -47.99792000000001,
    -49.86448,
    -54.39759999999998,
    -51.197759999999995
  ],
  "magnetizations": [
    0.84375,
    0.90625,
    1,
    0.90625,
    0.875,
    0.875,
    0.90625,
    0.90625,
    0.96875,
    0.9375
  ],
  "sweeps": 800,
  "compress": "rle",
  "lattice_size": 4
}