{
  "lattice": "Af8B/AH/Ab8C/wHvAf8=",
  "beta_j": 0.221654,
  "beta_h": 0.6,
  "j2j1ratio": 0,
  "beta_energies": [
    -66.40479199999999,
    -77.09772000000001,
    -77.09772000000001,
    -73.23787199999998,
    -77.09772000000001,
    -74.124488,
    -80.95756800000001,
    -73.237872,
    -80.95756800000001,
    -73.237872
  ],
  "magnetizations": [
    0.875,
    0.96875,
    0.96875,
    0.9375,
    0.96875,
    0.9375,
    1,
    0.9375,
    1,
    0.9375
  ],
  "sweeps": 800,
  "compress": "rle",
  "lattice_size": 4
}