{
  "lattice": "eJy7E6l07PJOjXwAFDcEQQ==",
  "beta_j": -0.18471166666666666,
  "beta_h": 0,
  "j2j1ratio": -1,
  "beta_energies": [
    -9.605006666666666,
    -14.03808666666667,
    -19.21001333333334,
    -14.776933333333336,
    -17.73232000000001,
    -10.343853333333334,
    -11.082700000000003,
    -16.25462666666667,
    -16.25462666666667,
    -21.426553333333345
  ],
  "magnetizations": [
    0.03125,
    -0.09375,
    -0.0625,
    0,
    0,
    -0.0625,
    -0.125,
    -0.0625,
    -0.03125,
    0
  ],
  "sweeps": 100,
  "compress": "deflate",
  "lattice_size": 4
}