{
  "lattice": "AfsB9QHdAckBXwH3AU8B8Q==",
  "beta_j": 0.26076941176470586,
  "beta_h": 0.4,
  "j2j1ratio": -0.5,
  "beta_energies": [
    -18.50154352941176,
    -15.752315294117645,
    -20.446164705882346,
    -22.91693176470588,
    -9.772310588235293,
    -14.744621176470583,
    -18.152315294117642,
    -16.03077647058823,
    -18.501543529411762,
    -14.780004705882348
  ],
  "magnetizations": [
    0.4375,
    0.1875,
    0.1875,
    0.40625,
    0.21875,
    0.25,
    0.28125,
    0.21875,
    0.4375,
    0.3125
  ],
  "sweeps": 800,
  "compress": "rle",
  "lattice_size": 4
}