{
  "lattice": "eJyLilq6MCpq6VYAEMYECQ==",
  "beta_j": -0.18471166666666666,
  "beta_h": 0.4,
  "j2j1ratio": 0.5,
  "beta_energies": [
    -62.063119999999955,
    -67.29619999999996,
    -70.92927999999998,
    -60.03003999999996,
    -70.92927999999998,
    -67.29619999999996,
    -55.90522999999997,
    -67.29619999999996,
    -67.29619999999996,
    -48.394456666666656
  ],
  "magnetizations": [
    0,
    0.03125,
    0,
    0.09375,
    0,
    0.03125,
    0.0625,
    0.03125,
    0.03125,
    0
  ],
  "sweeps": 100,
  "compress": "deflate",
  "lattice_size": 4
}