{
  "lattice": "eJzbd3BywfaEzxUAFzsFBQ==",
  "beta_j": 0.18471166666666666,
  "beta_h": 0,
  "j2j1ratio": -0.5,
  "beta_energies": [
    -2.9553866666666675,
    -4.802503333333335,
    -2.9553866666666666,
    -2.2165399999999993,
    -5.171926666666668,
    -10.71327666666667,
    -6.649620000000004,
    -3.694233333333333,
    -7.019043333333332,
    -5.1719266666666694
  ],
  "magnetizations": [
    0.0625,
    -0.09375,
    0.03125,
    -0.0625,
    -0.1875,
    -0.15625,
    -0.0625,
    -0.125,
    0.09375,
    0.03125
  ],
  "sweeps": 800,
  "compress": "deflate",
  "lattice_size": 4
}