{
  "lattice": "CAA=",
  "beta_j": 0.20150363636363636,
  "beta_h": 0,
  "j2j1ratio": 0.5,
  "beta_energies": [
    -77.3773963636364,
    -77.3773963636364,
    -77.3773963636364,
    -77.3773963636364,
    -77.3773963636364,
    -67.7052218181818,
    -72.5413090909091,
    -77.3773963636364,
    -77.3773963636364,
    -72.5413090909091
  ],
  "magnetizations": [
    -1,
    -1,
    -1,
    -1,
    -1,
    -0.9375,
    -0.96875,
    -1,
    -1,
    -0.96875
  ],
  "sweeps": 800,
  "compress": "rle",
  "lattice_size": 4
}