{
  "lattice": "eJzbunTtUtulS5cAABZLBNg=",
  "beta_j": -0.27706749999999997,
  "beta_h": 0.6,
  "j2j1ratio": -1,
  "beta_energies": [
    -38.97290999999998,
    -34.631559999999986,
    -28.165399999999995,
    -34.81502,
    -41.097719999999974,
    -24.657129999999995,
    -24.748860000000004,
    -28.906749999999988,
    -45.71425999999997,
    -45.62252999999997
  ],
  "magnetizations": [
    0.0625,
    0.09375,
    0.15625,
    0.15625,
    0.03125,
    0.09375,
    0.125,
    0.03125,
    0.09375,
    0.0625
  ],
  "sweeps": 100,
  "compress": "deflate",
  "lattice_size": 4
}