{
  "lattice": "AQQB3gF/AbgBUwEVAlU=",
  "beta_j": 0.2110990476190476,
  "beta_h": 0.2,
  "j2j1ratio": -1,
  "beta_energies": [
    -14.754735238095236,
    -15.154735238095235,
    -15.554735238095233,
    -13.821546666666661,
    -11.465942857142856,
    -11.821546666666663,
    -22.754300952380948,
    -23.64309333333333,
    -17.243527619047615,
    -11.377150476190476
  ],
  "magnetizations": [
    0.03125,
    0.0625,
    0.09375,
    0.15625,
    -0.09375,
    0,
    0.0625,
    0,
    0.09375,
    0.03125
  ],
  "sweeps": 800,
  "compress": "rle",
  "lattice_size": 4
}