{
  "lattice": "eJyLilq6NCpq6VIAEMoD/Q==",
  "beta_j": -0.18471166666666666,
  "beta_h": 0,
  "j2j1ratio": 1,
  "beta_energies": [
    -106.39391999999997,
    -106.39391999999997,
    -106.39391999999997,
    -106.39391999999997,
    -106.39391999999997,
    -106.39391999999997,
    -106.39391999999997,
    -106.39391999999997,
    -106.39391999999997,
    -106.39391999999997
  ],
  "magnetizations": [
    0,
    0,
    0,
    0,
    0,
    0,
    0,
    0,
    0,
    0
  ],
  "sweeps": 100,
  "compress": "deflate",
  "lattice_size": 4
}