{
  "lattice": "eJz7///vfxAAACPYB/c=",
  "beta_j": 0.18471166666666666,
  "beta_h": 0.4,
  "j2j1ratio": 0.5,
  "beta_energies": [
    -91.29619999999996,
    -91.29619999999996,
    -96.52927999999997,
    -86.43254333333329,
    -91.29619999999996,
    -91.29619999999996,
    -96.52927999999997,
    -96.52927999999997,
    -96.52927999999997,
    -96.52927999999997
  ],
  "magnetizations": [
    0.96875,
    0.96875,
    1,
    0.9375,
    0.96875,
    0.96875,
    1,
    1,
    1,
    1
  ],
  "sweeps": 800,
  "compress": "deflate",
  "lattice_size": 4
}