{
  "lattice": "AW0B8AEpAYIBpgH+AbkBKA==",
  "beta_j": 0.23331999999999997,
  "beta_h": 0,
  "j2j1ratio": -1,
  "beta_energies": [
    -13.065919999999998,
    -24.265279999999997,
    -14.932479999999998,
    -14.932479999999998,
    -14.932479999999998,
    -22.398719999999997,
    -10.266079999999999,
    -20.532159999999998,
    -18.665599999999998,
    -13.065919999999998
  ],
  "magnetizations": [
    0,
    0.03125,
    -0.03125,
    -0.03125,
    -0.0625,
    -0.0625,
    -0.0625,
    0.15625,
    0.0625,
    0.0625
  ],
  "sweeps": 800,
  "compress": "rle",
  "lattice_size": 4
}