{
  "lattice": "AXQBTwGbAbkB7gHoAcwB3w==",
  "beta_j": 0.23331999999999997,
  "beta_h": 0.6,
  "j2j1ratio": -1,
  "beta_energies": [
    -18.9328,
    -23.332479999999997,
    -18.7992,
    -29.598719999999997,
    -20.79936,
    -23.4656,
    -17.86592,
    -25.332639999999998,
    -27.065599999999996,
    -23.599199999999996
  ],
  "magnetizations": [
    0.25,
    0.21875,
    0.125,
    0.1875,
    0.25,
    0.125,
    0.125,
    0.34375,
    0.21875,
    0.25
  ],
  "sweeps": 800,
  "compress": "rle",
  "lattice_size": 4
}