{
  "lattice": "eJxjn+12jr9PvhsADNYC/g==",
  "beta_j": 0.19274260869565216,
  "beta_h": 0.4,
  "j2j1ratio": -1,
  "beta_energies": [
    -18.532319999999995,
    -17.077467826086952,
    -15.564556521739128,
    -12.39358608695652,
    -20.874260869565212,
    -10.938733913043476,
    -17.135526956521737,
    -18.61940869565217,
    -16.36455652173913,
    -17.22261565217391
  ],
  "magnetizations": [
    0.03125,
    0.125,
    0.15625,
    0.0625,
    0.0625,
    0.15625,
    0.1875,
    0.125,
    0.1875,
    0.28125
  ],
  "sweeps": 800,
  "compress": "deflate",
  "lattice_size": 4
}