{
  "lattice": "AXUB0QHkAckBbwGrAWcB/Q==",
  "beta_j": 0.221654,
  "beta_h": 0.2,
  "j2j1ratio": -0.5,
  "beta_energies": [
    -11.622851999999998,
    -10.152776000000001,
    -9.179544,
    -7.406312,
    -8.606311999999999,
    -8.919696,
    -7.3196959999999995,
    -12.379544,
    -6.259848,
    -13.882699999999996
  ],
  "magnetizations": [
    0.25,
    0.03125,
    0.09375,
    0.09375,
    0.1875,
    0.28125,
    0.15625,
    0.34375,
    0.28125,
    0.21875
  ],
  "sweeps": 800,
  "compress": "rle",
  "lattice_size": 4
}