{
  "lattice": "AasB8gH9AXABOwH4AaIBYg==",
  "beta_j": 0.24628222222222224,
  "beta_h": 0.2,
  "j2j1ratio": -0.5,
  "beta_energies": [
    -12.436417777777775,
    -10.558724444444444,
    -6.803337777777779,
    -11.358724444444443,
    -7.4182088888888895,
    -6.247951111111112,
    -15.606675555555556,
    -9.973595555555555,
    -13.081031111111113,
    -19.362062222222217
  ],
  "magnetizations": [
    0.125,
    0.09375,
    0.03125,
    0.15625,
    0.15625,
    0.21875,
    0.21875,
    0.125,
    0.40625,
    0.28125
  ],
  "sweeps": 800,
  "compress": "rle",
  "lattice_size": 4
}