{
  "lattice": "eJybF5qlFXU5KgUAD5IDcw==",
  "beta_j": -0.18471166666666666,
  "beta_h": 0.2,
  "j2j1ratio": -1,
  "beta_energies": [
    -14.776933333333336,
    -14.315780000000004,
    -13.02154666666667,
    -9.666160000000001,
    -11.4827,
    -14.038086666666674,
    -8.188466666666669,
    -14.899240000000004,
    -7.666159999999999,
    -16.254626666666674
  ],
  "magnetizations": [
    0,
    -0.09375,
    0.09375,
    0.0625,
    0.03125,
    0,
    0.0625,
    0.125,
    -0.09375,
    0
  ],
  "sweeps": 100,
  "compress": "deflate",
  "lattice_size": 4
}