{
  "lattice": "AUwBJQEdARMBbQFnAUkBLg==",
  "beta_j": 0.2110990476190476,
  "beta_h": 0,
  "j2j1ratio": -0.5,
  "beta_energies": [
    -4.644179047619048,
    -6.332971428571427,
    -5.066377142857142,
    -8.86616,
    -5.488575238095238,
    -7.177367619047617,
    -9.288358095238095,
    -9.288358095238095,
    -6.755169523809524,
    -8.02176380952381
  ],
  "magnetizations": [
    -0.0625,
    0.125,
    0.09375,
    -0.0625,
    0.0625,
    -0.03125,
    -0.15625,
    0,
    0.09375,
    -0.09375
  ],
  "sweeps": 800,
  "compress": "rle",
  "lattice_size": 4
}