{
  "lattice": "eJxr2bpqaenWpUsBFjIE/Q==",
  "beta_j": -0.2110990476190476,
  "beta_h": 0.2,
  "j2j1ratio": -1,
  "beta_energies": [
    -24.043093333333324,
    -16.44352761904762,
    -16.48792380952381,
    -15.154735238095235,
    -18.976716190476186,
    -14.799131428571426,
    -24.487489523809522,
    -13.865942857142855,
    -12.71033904761905,
    -18.53232
  ],
  "magnetizations": [
    0.03125,
    0.03125,
    -0.03125,
    0.0625,
    0.03125,
    -0.03125,
    0,
    0.09375,
    -0.0625,
    0.0625
  ],
  "sweeps": 100,
  "compress": "deflate",
  "lattice_size": 4
}