{
  "lattice": "eJw7s+9//f///38DAB4BBwE=",
  "beta_j": 0.19274260869565216,
  "beta_h": 0.4,
  "j2j1ratio": 0,
  "beta_energies": [
    -41.55814260869566,
    -54.038817391304335,
    -48.583965217391295,
    -39.98717217391305,
    -53.26784695652172,
    -62.606580869565214,
    -56.38075826086955,
    -54.03881739130433,
    -50.925906086956516,
    -53.26784695652172
  ],
  "magnetizations": [
    0.75,
    0.90625,
    0.84375,
    0.71875,
    0.90625,
    1,
    0.9375,
    0.90625,
    0.875,
    0.90625
  ],
  "sweeps": 800,
  "compress": "deflate",
  "lattice_size": 4
}