{
  "lattice": "CP8=",
  "beta_j": 0.27706749999999997,
  "beta_h": 0.2,
  "j2j1ratio": 1,
  "beta_energies": [
    -172.39088000000024,
    -172.39088000000024,
    -172.39088000000024,
    -172.39088000000024,
    -172.39088000000024,
    -172.39088000000024,
    -172.39088000000024,
    -172.39088000000024,
    -172.39088000000024,
    -172.39088000000024
  ],
  "magnetizations": [
    1,
    1,
    1,
    1,
    1,
    1,
    1,
    1,
    1,
    1
  ],
  "sweeps": 800,
  "compress": "rle",
  "lattice_size": 4
}