{
  "lattice": "CP8=",
  "beta_j": 0.2110990476190476,
  "beta_h": 0.4,
  "j2j1ratio": 1,
  "beta_energies": [
    -147.1930514285714,
    -147.1930514285714,
    -147.1930514285714,
    -147.1930514285714,
    -147.1930514285714,
    -147.1930514285714,
    -147.1930514285714,
    -147.1930514285714,
    -147.1930514285714,
    -147.1930514285714
  ],
  "magnetizations": [
    1,
    1,
    1,
    1,
    1,
    1,
    1,
    1,
    1,
    1
  ],
  "sweeps": 800,
  "compress": "rle",
  "lattice_size": 4
}