{
  "lattice": "CP8=",
  "beta_j": 0.2110990476190476,
  "beta_h": 0.4,
  "j2j1ratio": 0,
  "beta_energies": [
    -66.13101714285713,
    -62.79782857142855,
    -62.79782857142855,
    -56.131451428571395,
    -66.13101714285713,
    -56.97584761904759,
    -37.86550857142855,
    -48.70947047619045,
    -51.15386666666663,
    -60.30903619047618
  ],
  "magnetizations": [
    1,
    0.96875,
    0.96875,
    0.90625,
    1,
    0.90625,
    0.6875,
    0.78125,
    0.84375,
    0.9375
  ],
  "sweeps": 800,
  "compress": "rle",
  "lattice_size": 4
}