{
  "lattice": "eJz7/x8CACPkB/k=",
  "beta_j": 0.18471166666666666,
  "beta_h": 0.6,
  "j2j1ratio": 0.5,
  "beta_energies": [
    -109.32927999999998,
    -109.32927999999998,
    -109.32927999999998,
    -109.32927999999998,
    -109.32927999999998,
    -109.32927999999998,
    -109.32927999999998,
    -109.32927999999998,
    -109.32927999999998,
    -109.32927999999998
  ],
  "magnetizations": [
    1,
    1,
    1,
    1,
    1,
    1,
    1,
    1,
    1,
    1
  ],
  "sweeps": 800,
  "compress": "deflate",
  "lattice_size": 4
}