{
  "lattice": "CP8=",
  "beta_j": 0.26076941176470586,
  "beta_h": 0.2,
  "j2j1ratio": 0,
  "beta_energies": [
    -62.867727058823505,
    -55.809261176470564,
    -51.8800282352941,
    -55.809261176470564,
    -59.33849411764703,
    -49.79387294117645,
    -50.836950588235275,
    -59.33849411764703,
    -46.9077176470588,
    -55.809261176470564
  ],
  "magnetizations": [
    1,
    0.9375,
    0.875,
    0.9375,
    0.96875,
    0.875,
    0.875,
    0.96875,
    0.8125,
    0.9375
  ],
  "sweeps": 800,
  "compress": "rle",
  "lattice_size": 4
}