{
  "lattice": "eJy7mb/qXlQRnxQAFR8DxQ==",
  "beta_j": -0.20150363636363636,
  "beta_h": 0.6,
  "j2j1ratio": -0.5,
  "beta_energies": [
    -10.451123636363636,
    -14.45413090909091,
    -14.884203636363633,
    -14.463152727272728,
    -12.027065454545454,
    -12.054130909090908,
    -11.624058181818182,
    -10.424058181818182,
    -14.02405818181818,
    -8.042101818181818
  ],
  "magnetizations": [
    0.09375,
    0.1875,
    0.09375,
    0.15625,
    0.21875,
    0.125,
    0.21875,
    0.1875,
    0.28125,
    0.0625
  ],
  "sweeps": 100,
  "compress": "deflate",
  "lattice_size": 4
}