{
  "lattice": "CP8=",
  "beta_j": 0.2110990476190476,
  "beta_h": 0.6,
  "j2j1ratio": 0.5,
  "beta_energies": [
    -119.46203428571428,
    -119.46203428571428,
    -119.46203428571428,
    -119.46203428571428,
    -119.46203428571428,
    -113.1956571428571,
    -119.46203428571428,
    -119.46203428571428,
    -119.46203428571428,
    -119.46203428571428
  ],
  "magnetizations": [
    1,
    1,
    1,
    1,
    1,
    0.96875,
    1,
    1,
    1,
    1
  ],
  "sweeps": 800,
  "compress": "rle",
  "lattice_size": 4
}