{
  "lattice": "eJz7EtrPWvC0cz0AE54Eaw==",
  "beta_j": -0.24628222222222224,
  "beta_h": 0,
  "j2j1ratio": -1,
  "beta_energies": [
    -21.67283555555555,
    -29.55386666666665,
    -30.538995555555534,
    -33.4943822222222,
    -19.702577777777766,
    -27.58360888888887,
    -24.62822222222222,
    -19.702577777777776,
    -21.67283555555555,
    -15.76206222222222
  ],
  "magnetizations": [
    0.03125,
    0.0625,
    0.03125,
    -0.0625,
    -0.0625,
    -0.0625,
    -0.0625,
    0.03125,
    -0.03125,
    -0.09375
  ],
  "sweeps": 100,
  "compress": "deflate",
  "lattice_size": 4
}