{
  "lattice": "AX8B9wEZAQYB/wH6AYsBqQ==",
  "beta_j": 0.20150363636363636,
  "beta_h": 0.6,
  "j2j1ratio": -1,
  "beta_energies": [
    -18.860145454545453,
    -21.69021818181818,
    -25.720290909090906,
    -14.884203636363635,
    -17.66014545454545,
    -16.872174545454545,
    -23.714276363636362,
    -24.12630545454545,
    -26.114276363636357,
    -19.666159999999998
  ],
  "magnetizations": [
    0.28125,
    0.25,
    0.25,
    0.09375,
    0.25,
    0.1875,
    0.21875,
    0.1875,
    0.28125,
    0.28125
  ],
  "sweeps": 800,
  "compress": "rle",
  "lattice_size": 4
}