{
  "lattice": "eJyz65ka9uZOqzIAEmkEJg==",
  "beta_j": -0.20150363636363636,
  "beta_h": 0,
  "j2j1ratio": 0,
  "beta_energies": [
    -6.4481163636363625,
    -23.374421818181805,
    -4.836087272727273,
    -11.284203636363632,
    -12.090218181818177,
    -3.2240581818181826,
    -16.1202909090909,
    -13.702247272727266,
    -14.508261818181811,
    -13.702247272727266
  ],
  "magnetizations": [
    0,
    -0.0625,
    0.09375,
    -0.03125,
    -0.15625,
    -0.0625,
    0.03125,
    -0.03125,
    -0.125,
    -0.09375
  ],
  "sweeps": 100,
  "compress": "deflate",
  "lattice_size": 4
}