{
  "lattice": "AX8B9wENAdwB/wFFAZgBDw==",
  "beta_j": 0.27706749999999997,
  "beta_h": 0.2,
  "j2j1ratio": -0.5,
  "beta_energies": [
    -15.390969999999996,
    -11.203754999999987,
    -17.669914999999996,
    -7.387214999999999,
    -13.236834999999997,
    -20.194725,
    -10.712024999999997,
    -11.174430000000001,
    -14.253375,
    -8.712025
  ],
  "magnetizations": [
    0.25,
    0.3125,
    0.125,
    0.1875,
    0.125,
    0.0625,
    0.1875,
    0.09375,
    0.03125,
    0.03125
  ],
  "sweeps": 800,
  "compress": "rle",
  "lattice_size": 4
}