{
  "lattice": "eJxbuzQqaOnSqlsAE/oEnQ==",
  "beta_j": -0.27706749999999997,
  "beta_h": 0.6,
  "j2j1ratio": 0,
  "beta_energies": [
    -42.29772000000002,
    -44.69772000000002,
    -42.38945000000003,
    -38.97291000000002,
    -23.640589999999992,
    -44.51426000000003,
    -32.41502,
    -41.28118000000001,
    -31.67367,
    -36.93982999999999
  ],
  "magnetizations": [
    0.0625,
    0.125,
    0.09375,
    0.0625,
    0.125,
    0.0625,
    0.09375,
    0.09375,
    0.21875,
    0.125
  ],
  "sweeps": 100,
  "compress": "deflate",
  "lattice_size": 4
}