{
  "lattice": "eJxbujQqaunSqCgAEyID/Q==",
  "beta_j": -0.24628222222222224,
  "beta_h": 0.2,
  "j2j1ratio": 1,
  "beta_energies": [
    -141.85856000000007,
    -141.85856000000007,
    -141.85856000000007,
    -141.85856000000007,
    -141.85856000000007,
    -141.85856000000007,
    -141.85856000000007,
    -141.85856000000007,
    -141.85856000000007,
    -141.85856000000007
  ],
  "magnetizations": [
    0,
    0,
    0,
    0,
    0,
    0,
    0,
    0,
    0,
    0
  ],
  "sweeps": 100,
  "compress": "deflate",
  "lattice_size": 4
}