{
  "lattice": "CAA=",
  "beta_j": 0.20150363636363636,
  "beta_h": 0,
  "j2j1ratio": 1,
  "beta_energies": [
    -116.06609454545459,
    -116.06609454545459,
    -116.06609454545459,
    -116.06609454545459,
    -116.06609454545459,
    -116.06609454545459,
    -116.06609454545459,
    -116.06609454545459,
    -116.06609454545459,
    -116.06609454545459
  ],
  "magnetizations": [
    -1,
    -1,
    -1,
    -1,
    -1,
    -1,
    -1,
    -1,
    -1,
    -1
  ],
  "sweeps": 800,
  "compress": "rle",
  "lattice_size": 4
}