{
  "lattice": "eJyr3b9+tvxX/e8AFPoEwQ==",
  "beta_j": 0.19274260869565216,
  "beta_h": 0,
  "j2j1ratio": 0,
  "beta_energies": [
    -10.022615652173913,
    -9.251645217391303,
    -10.022615652173911,
    -10.793586086956521,
    -6.167763478260867,
    -3.8548521739130424,
    -11.564556521739135,
    -20.816201739130435,
    -17.732319999999998,
    -14.648438260869577
  ],
  "magnetizations": [
    0.46875,
    0.40625,
    0.1875,
    0.40625,
    0.34375,
    0.03125,
    -0.53125,
    -0.75,
    -0.65625,
    -0.40625
  ],
  "sweeps": 800,
  "compress": "deflate",
  "lattice_size": 4
}