{
  "lattice": "eJz7UvCh/s+nD/8AHHcGsA==",
  "beta_j": 0.19274260869565216,
  "beta_h": 0.6,
  "j2j1ratio": -1,
  "beta_energies": [
    -26.990379130434775,
    -21.338733913043477,
    -20.480674782608695,
    -15.854852173913041,
    -19.535526956521736,
    -13.79679304347826,
    -18.8516452173913,
    -17.906497391304345,
    -22.61940869565217,
    -12.080674782608694
  ],
  "magnetizations": [
    0.28125,
    0.375,
    0.3125,
    0.3125,
    0.1875,
    0.21875,
    0.25,
    0.125,
    0.1875,
    0.09375
  ],
  "sweeps": 800,
  "compress": "deflate",
  "lattice_size": 4
}