{
  "lattice": "Af8BuwH9Av8BvwH/Aas=",
  "beta_j": 0.27706749999999997,
  "beta_h": 0,
  "j2j1ratio": 0,
  "beta_energies": [
    -35.46464,
    -32.13983,
    -41.005990000000025,
    -53.196960000000075,
    -34.35637000000001,
    -42.11426000000003,
    -43.222530000000035,
    -41.005990000000025,
    -33.248099999999994,
    -29.92329000000001
  ],
  "magnetizations": [
    0.78125,
    0.75,
    0.875,
    1,
    0.8125,
    0.875,
    0.90625,
    0.875,
    0.6875,
    0.65625
  ],
  "sweeps": 800,
  "compress": "rle",
  "lattice_size": 4
}