{
  "lattice": "CAA=",
  "beta_j": 0.221654,
  "beta_h": 0,
  "j2j1ratio": 0.5,
  "beta_energies": [
    -85.11513600000002,
    -85.11513600000002,
    -85.11513600000002,
    -85.11513600000002,
    -85.11513600000002,
    -85.11513600000002,
    -85.11513600000002,
    -79.79544,
    -85.11513600000002,
    -85.11513600000002
  ],
  "magnetizations": [
    -1,
    -1,
    -1,
    -1,
    -1,
    -1,
    -1,
    -0.96875,
    -1,
    -1
  ],
  "sweeps": 800,
  "compress": "rle",
  "lattice_size": 4
}