{
  "lattice": "eJxbufFByvJ/rksBGCAFLg==",
  "beta_j": -0.19274260869565216,
  "beta_h": 0.4,
  "j2j1ratio": -0.5,
  "beta_energies": [
    -6.967763478260868,
    -13.13552695652174,
    -8.683881739130435,
    -5.541940869565217,
    -10.938733913043475,
    -8.538733913043476,
    -8.953248695652173,
    -10.167763478260868,
    -10.437130434782606,
    -13.608100869565213
  ],
  "magnetizations": [
    0.03125,
    0.03125,
    0.21875,
    0.15625,
    0.15625,
    0.0625,
    0.09375,
    0.15625,
    0.03125,
    0.125
  ],
  "sweeps": 100,
  "compress": "deflate",
  "lattice_size": 4
}