{
  "lattice": "eJxbuWbb6w/T1F8DABmaBY8=",
  "beta_j": -0.2110990476190476,
  "beta_h": 0.6,
  "j2j1ratio": -1,
  "beta_energies": [
    -14.443961904761903,
    -14.443961904761903,
    -20.710339047619044,
    -17.599131428571425,
    -17.465942857142856,
    -19.999131428571424,
    -16.754735238095233,
    -16.132754285714284,
    -14.443961904761906,
    -22.532319999999995
  ],
  "magnetizations": [
    0.15625,
    0.15625,
    0.1875,
    0.0625,
    0.125,
    0.125,
    0.0625,
    0.15625,
    0.15625,
    0.125
  ],
  "sweeps": 100,
  "compress": "deflate",
  "lattice_size": 4
}