{
  "lattice": "Av8BgwEpAX8B/wFvATM=",
  "beta_j": 0.27706749999999997,
  "beta_h": 0.6,
  "j2j1ratio": -0.5,
  "beta_energies": [
    -27.420294999999996,
    -23.44962,
    -32.495485,
    -24.37442999999999,
    -24.095484999999996,
    -26.315779999999997,
    -23.912025,
    -26.682699999999997,
    -21.14135,
    -26.033079999999998
  ],
  "magnetizations": [
    0.46875,
    0.4375,
    0.6875,
    0.375,
    0.46875,
    0.28125,
    0.40625,
    0.40625,
    0.40625,
    0.5625
  ],
  "sweeps": 800,
  "compress": "rle",
  "lattice_size": 4
}