{
  "lattice": "CAA=",
  "beta_j": 0.24628222222222224,
  "beta_h": 0,
  "j2j1ratio": 0.5,
  "beta_energies": [
    -94.57237333333339,
    -94.57237333333339,
    -94.57237333333339,
    -94.57237333333339,
    -94.57237333333339,
    -94.57237333333339,
    -94.57237333333339,
    -94.57237333333339,
    -94.57237333333339,
    -94.57237333333339
  ],
  "magnetizations": [
    -1,
    -1,
    -1,
    -1,
    -1,
    -1,
    -1,
    -1,
    -1,
    -1
  ],
  "sweeps": 800,
  "compress": "rle",
  "lattice_size": 4
}