{
  "lattice": "eJz77SQdW/HIezYAEdgD9g==",
  "beta_j": -0.27706749999999997,
  "beta_h": 0.2,
  "j2j1ratio": -1,
  "beta_energies": [
    -22.257129999999997,
    -36.97290999999998,
    -42.91425999999998,
    -35.55636999999999,
    -47.65560999999996,
    -49.472149999999964,
    -40.29771999999997,
    -29.923289999999987,
    -42.02252999999997,
    -26.198479999999993
  ],
  "magnetizations": [
    0.09375,
    0.03125,
    0.0625,
    0.09375,
    0,
    -0.03125,
    0.03125,
    0,
    -0.09375,
    -0.03125
  ],
  "sweeps": 100,
  "compress": "deflate",
  "lattice_size": 4
}