{
  "lattice": "eJwLqlq/VCpqaSsAEIYDvw==",
  "beta_j": -0.27706749999999997,
  "beta_h": 0.2,
  "j2j1ratio": 0,
  "beta_energies": [
    -35.46464,
    -38.08118000000001,
    -47.65561000000005,
    -42.822530000000036,
    -47.65561000000005,
    -30.631560000000004,
    -39.189450000000015,
    -43.93080000000004,
    -47.347340000000045,
    -47.347340000000045
  ],
  "magnetizations": [
    0,
    0.03125,
    0,
    -0.03125,
    0,
    -0.03125,
    0.03125,
    -0.03125,
    0.0625,
    0.0625
  ],
  "sweeps": 100,
  "compress": "deflate",
  "lattice_size": 4
}