{
  "lattice": "eJxL15v2q/DpLDkAEq0ENA==",
  "beta_j": -0.19274260869565216,
  "beta_h": 0.4,
  "j2j1ratio": 0,
  "beta_energies": [
    -10.909704347826086,
    -7.941940869565218,
    -9.367763478260867,
    -17.81940869565218,
    -14.022615652173913,
    -12.538733913043476,
    -3.8838817391304348,
    -8.654852173913042,
    -15.593586086956522,
    -24.016201739130434
  ],
  "magnetizations": [
    0.125,
    0.25,
    0.125,
    0.09375,
    0.15625,
    0.21875,
    0.03125,
    0.1875,
    0.1875,
    0.125
  ],
  "sweeps": 100,
  "compress": "deflate",
  "lattice_size": 4
}