{
  "lattice": "AVUBXwFUAUYBVQFfAXUBUQ==",
  "beta_j": 0.24628222222222224,
  "beta_h": 0.2,
  "j2j1ratio": -1,
  "beta_energies": [
    -29.368737777777763,
    -35.67951111111109,
    -26.413351111111105,
    -23.45796444444444,
    -17.147191111111105,
    -24.043093333333324,
    -21.702577777777776,
    -31.338995555555538,
    -23.057964444444437,
    -31.894382222222198
  ],
  "magnetizations": [
    0.0625,
    0.09375,
    0.0625,
    0.0625,
    0.03125,
    0.03125,
    0.15625,
    0.0625,
    0.03125,
    -0.125
  ],
  "sweeps": 800,
  "compress": "rle",
  "lattice_size": 4
}