{
  "lattice": "AcsB7wEmAWcBbwG7AeoBCQ==",
  "beta_j": 0.20150363636363636,
  "beta_h": 0.2,
  "j2j1ratio": -0.5,
  "beta_energies": [
    -8.84510909090909,
    -12.472174545454545,
    -8.072174545454544,
    -8.43608727272727,
    -11.266159999999998,
    -9.651123636363632,
    -9.25713818181818,
    -10.466159999999999,
    -10.454130909090907,
    -8.445109090909089
  ],
  "magnetizations": [
    0.21875,
    0.21875,
    -0.125,
    0.28125,
    0.1875,
    0.21875,
    0.125,
    0.125,
    0.25,
    0.1875
  ],
  "sweeps": 800,
  "compress": "rle",
  "lattice_size": 4
}