{
  "lattice": "AVABDwE2AbsBfQH3AfgB7w==",
  "beta_j": 0.2110990476190476,
  "beta_h": 0,
  "j2j1ratio": 0,
  "beta_energies": [
    -10.132754285714281,
    -8.4439619047619,
    -17.732319999999984,
    -26.176281904761876,
    -26.176281904761876,
    -21.95430095238093,
    -5.910773333333332,
    -14.354735238095227,
    -19.421112380952362,
    -27.02067809523807
  ],
  "magnetizations": [
    0.28125,
    0.15625,
    0.625,
    0.75,
    0.78125,
    0.71875,
    0.09375,
    0.5,
    0.65625,
    0.75
  ],
  "sweeps": 800,
  "compress": "rle",
  "lattice_size": 4
}