{
  "lattice": "eJyLilq6NCpq6VIAEMoD/Q==",
  "beta_j": -0.26076941176470586,
  "beta_h": 0.2,
  "j2j1ratio": 1,
  "beta_energies": [
    -150.2031811764705,
    -150.2031811764705,
    -150.2031811764705,
    -150.2031811764705,
    -150.2031811764705,
    -150.2031811764705,
    -150.2031811764705,
    -150.2031811764705,
    -150.2031811764705,
    -150.2031811764705
  ],
  "magnetizations": [
    0,
    0,
    0,
    0,
    0,
    0,
    0,
    0,
    0,
    0
  ],
  "sweeps": 100,
  "compress": "deflate",
  "lattice_size": 4
}