{
  "lattice": "Ab8C/wG/AfcB/wH2Af8=",
  "beta_j": 0.26076941176470586,
  "beta_h": 0,
  "j2j1ratio": 0,
  "beta_energies": [
    -36.507717647058804,
    -38.59387294117645,
    -32.33540705882351,
    -46.93849411764703,
    -46.93849411764703,
    -37.55079529411763,
    -31.292329411764687,
    -32.33540705882351,
    -32.33540705882351,
    -33.378484705882336
  ],
  "magnetizations": [
    0.84375,
    0.875,
    0.78125,
    0.96875,
    0.96875,
    0.875,
    0.8125,
    0.8125,
    0.8125,
    0.75
  ],
  "sweeps": 800,
  "compress": "rle",
  "lattice_size": 4
}