{
  "lattice": "ARMBcAH5AZ0BZwF0AZ0BTA==",
  "beta_j": 0.221654,
  "beta_h": 0.4,
  "j2j1ratio": -1,
  "beta_energies": [
    -16.672472,
    -19.872472,
    -25.452016,
    -13.839392,
    -14.899239999999999,
    -13.579543999999999,
    -15.699240000000001,
    -18.359088,
    -19.33232,
    -18.185855999999998
  ],
  "magnetizations": [
    0.0625,
    0.1875,
    0.09375,
    0.125,
    0.0625,
    0.21875,
    0.09375,
    0.09375,
    0.0625,
    0.15625
  ],
  "sweeps": 800,
  "compress": "rle",
  "lattice_size": 4
}