{
  "lattice": "eJzbuNTi43LWpa0AFJIEVg==",
  "beta_j": -0.24628222222222224,
  "beta_h": 0,
  "j2j1ratio": -0.5,
  "beta_energies": [
    -12.806675555555554,
    -2.462822222222223,
    -15.762062222222214,
    -4.433079999999996,
    -6.403337777777778,
    -6.403337777777778,
    -13.791804444444441,
    -9.358724444444444,
    -11.821546666666665,
    -6.895902222222222
  ],
  "magnetizations": [
    -0.0625,
    0.09375,
    0,
    0.03125,
    -0.0625,
    -0.125,
    0,
    0.03125,
    0,
    -0.09375
  ],
  "sweeps": 100,
  "compress": "deflate",
  "lattice_size": 4
}