{
  "lattice": "eJwLDX21a4eVth4AEjMDmg==",
  "beta_j": -0.27706749999999997,
  "beta_h": 0.4,
  "j2j1ratio": -1,
  "beta_energies": [
    -27.090209999999992,
    -23.94886,
    -30.723289999999988,
    -42.914259999999985,
    -34.664639999999984,
    -30.10674999999999,
    -45.13079999999996,
    -38.172909999999995,
    -46.23906999999996,
    -41.18944999999997
  ],
  "magnetizations": [
    0.0625,
    0.15625,
    0.03125,
    0.03125,
    -0.03125,
    0.09375,
    0.03125,
    0.0625,
    0.03125,
    0.09375
  ],
  "sweeps": 100,
  "compress": "deflate",
  "lattice_size": 4
}