{
  "lattice": "eJwz3fpx7dNtNUsBFv0FRQ==",
  "beta_j": -0.221654,
  "beta_h": 0.6,
  "j2j1ratio": -0.5,
  "beta_energies": [
    -14.292928,
    -7.773232,
    -8.659848,
    -8.4,
    -6.389772,
    -9.049619999999999,
    -13.536235999999999,
    -13.222852,
    -17.029163999999998,
    -13.276387999999999
  ],
  "magnetizations": [
    0.1875,
    0.15625,
    0.15625,
    0.21875,
    0.0625,
    0.0625,
    0.15625,
    0.125,
    0.0625,
    0.21875
  ],
  "sweeps": 100,
  "compress": "deflate",
  "lattice_size": 4
}