{
  "lattice": "eJyLranREI550QYADboDWw==",
  "beta_j": -0.27706749999999997,
  "beta_h": 0,
  "j2j1ratio": -0.5,
  "beta_energies": [
    -10.528565,
    -10.528564999999997,
    -16.624049999999997,
    -12.19097,
    -15.515780000000001,
    -10.528564999999997,
    -12.19097,
    -10.528565,
    -12.745104999999999,
    -13.853374999999996
  ],
  "magnetizations": [
    -0.03125,
    -0.03125,
    0,
    -0.09375,
    -0.03125,
    -0.09375,
    -0.0625,
    -0.0625,
    0.03125,
    -0.03125
  ],
  "sweeps": 100,
  "compress": "deflate",
  "lattice_size": 4
}