{
  "lattice": "AeoB/wFiAQAB8wH5AaIBqA==",
  "beta_j": 0.27706749999999997,
  "beta_h": 0,
  "j2j1ratio": -1,
  "beta_energies": [
    -28.81502,
    -36.572909999999986,
    -26.598479999999995,
    -41.00598999999997,
    -39.89771999999998,
    -39.89771999999998,
    -27.706750000000007,
    -29.923289999999998,
    -46.54733999999996,
    -35.46463999999998
  ],
  "magnetizations": [
    0.0625,
    -0.0625,
    -0.03125,
    -0.03125,
    -0.125,
    -0.09375,
    0.03125,
    0.03125,
    -0.0625,
    0.0625
  ],
  "sweeps": 800,
  "compress": "rle",
  "lattice_size": 4
}