{
  "lattice": "AXcBfQK4AW8BHAEDAR0=",
  "beta_j": 0.221654,
  "beta_h": 0.2,
  "j2j1ratio": -1,
  "beta_energies": [
    -18.045703999999997,
    -24.252016,
    -18.132319999999996,
    -13.699239999999998,
    -18.132319999999996,
    -15.472472,
    -18.932319999999997,
    -24.738632000000003,
    -17.73232,
    -19.905552
  ],
  "magnetizations": [
    0.09375,
    0.09375,
    0.03125,
    0.03125,
    0.03125,
    0.03125,
    0.09375,
    0.0625,
    0,
    0.03125
  ],
  "sweeps": 800,
  "compress": "rle",
  "lattice_size": 4
}