{
  "lattice": "eJyLipWPLjsVsQkADXwDfA==",
  "beta_j": -0.20150363636363636,
  "beta_h": 0.6,
  "j2j1ratio": -1,
  "beta_energies": [
    -18.91427636363636,
    -24.556378181818175,
    -14.472174545454546,
    -12.072174545454546,
    -14.45413090909091,
    -19.308261818181816,
    -17.71427636363636,
    -14.472174545454546,
    -18.09021818181818,
    -14.060145454545456
  ],
  "magnetizations": [
    0.09375,
    0.09375,
    0.125,
    0.0625,
    0.1875,
    0.125,
    0.0625,
    0.125,
    0.15625,
    0.15625
  ],
  "sweeps": 100,
  "compress": "deflate",
  "lattice_size": 4
}