{
  "lattice": "A/8BvwT/",
  "beta_j": 0.27706749999999997,
  "beta_h": 0.2,
  "j2j1ratio": 0,
  "beta_energies": [
    -62.27215000000006,
    -54.822530000000036,
    -65.99696000000007,
    -58.54734000000005,
    -62.27215000000006,
    -65.99696000000007,
    -62.27215000000006,
    -51.80599000000002,
    -52.20599000000004,
    -55.93080000000004
  ],
  "magnetizations": [
    0.96875,
    0.90625,
    1,
    0.9375,
    0.96875,
    1,
    0.96875,
    0.84375,
    0.875,
    0.90625
  ],
  "sweeps": 800,
  "compress": "rle",
  "lattice_size": 4
}