{
  "lattice": "eJz7/x8E3v8HACPEB+k=",
  "beta_j": 0.19274260869565216,
  "beta_h": 0.4,
  "j2j1ratio": 0.5,
  "beta_energies": [
    -94.18733913043475,
    -99.61316173913042,
    -99.61316173913042,
    -94.18733913043475,
    -99.61316173913042,
    -99.61316173913042,
    -99.61316173913042,
    -99.61316173913042,
    -99.61316173913042,
    -99.61316173913042
  ],
  "magnetizations": [
    0.96875,
    1,
    1,
    0.96875,
    1,
    1,
    1,
    1,
    1,
    1
  ],
  "sweeps": 800,
  "compress": "deflate",
  "lattice_size": 4
}