{
  "lattice": "eJyLilq6NCpq6VIAEMoD/Q==",
  "beta_j": -0.20150363636363636,
  "beta_h": 0.4,
  "j2j1ratio": 0.5,
  "beta_energies": [
    -77.3773963636364,
    -77.3773963636364,
    -77.3773963636364,
    -77.3773963636364,
    -77.3773963636364,
    -77.3773963636364,
    -77.3773963636364,
    -66.07514909090906,
    -73.34130909090909,
    -73.34130909090909
  ],
  "magnetizations": [
    0,
    0,
    0,
    0,
    0,
    0,
    0,
    0.09375,
    0.03125,
    0.03125
  ],
  "sweeps": 100,
  "compress": "deflate",
  "lattice_size": 4
}