{
  "lattice": "eJyL1Sx4FLfqZTgAELgEIQ==",
  "beta_j": -0.18471166666666666,
  "beta_h": 0.2,
  "j2j1ratio": -0.5,
  "beta_energies": [
    -8.927313333333336,
    -7.110773333333333,
    -3.5082700000000013,
    -6.771926666666671,
    -7.449620000000002,
    -9.296736666666671,
    -4.124809999999999,
    -5.880196666666667,
    -5.602503333333332,
    -9.38846666666667
  ],
  "magnetizations": [
    0.0625,
    0.09375,
    0.1875,
    0.125,
    0.0625,
    0.0625,
    0.0625,
    -0.03125,
    0.0625,
    0.15625
  ],
  "sweeps": 100,
  "compress": "deflate",
  "lattice_size": 4
}