{
  "lattice": "eJyLt/q6dF/ImlQAEz4EVw==",
  "beta_j": -0.18471166666666666,
  "beta_h": 0.4,
  "j2j1ratio": 0,
  "beta_energies": [
    -13.605006666666672,
    -14.527313333333337,
    -4.677693333333336,
    -11.943853333333339,
    -11.38846666666667,
    -9.416540000000001,
    -1.4165399999999997,
    -15.14385333333334,
    -11.510773333333336,
    -12.249620000000004
  ],
  "magnetizations": [
    0.15625,
    0.25,
    0.125,
    0.0625,
    0.15625,
    0.28125,
    -0.03125,
    0.1875,
    0.21875,
    0.21875
  ],
  "sweeps": 100,
  "compress": "deflate",
  "lattice_size": 4
}