{
  "lattice": "eJz7////exACACN0B9k=",
  "beta_j": 0.18471166666666666,
  "beta_h": 0.6,
  "j2j1ratio": 0,
  "beta_energies": [
    -67.03155999999997,
    -57.52078666666665,
    -56.78193999999998,
    -64.35386666666665,
    -61.67617333333331,
    -64.35386666666665,
    -63.61501999999997,
    -70.44809999999998,
    -56.781939999999985,
    -67.03155999999997
  ],
  "magnetizations": [
    0.9375,
    0.84375,
    0.84375,
    0.90625,
    0.875,
    0.90625,
    0.90625,
    0.96875,
    0.84375,
    0.9375
  ],
  "sweeps": 800,
  "compress": "deflate",
  "lattice_size": 4
}