{
  "lattice": "eJyrnav48LvtjG0AE98Enw==",
  "beta_j": -0.24628222222222224,
  "beta_h": 0.4,
  "j2j1ratio": -0.5,
  "beta_energies": [
    -9.41820888888889,
    -12.55872444444444,
    -13.914111111111108,
    -11.88103111111111,
    -13.421546666666663,
    -9.788466666666666,
    -14.036417777777775,
    -16.37693333333333,
    -8.373595555555555,
    -13.23641777777778
  ],
  "magnetizations": [
    0.15625,
    0.125,
    0.0625,
    0.15625,
    0.0625,
    0.09375,
    0.125,
    0.0625,
    0,
    0.09375
  ],
  "sweeps": 100,
  "compress": "deflate",
  "lattice_size": 4
}