{
  "lattice": "eJzL/w8BAB9kB2k=",
  "beta_j": 0.19274260869565216,
  "beta_h": 0.2,
  "j2j1ratio": 0,
  "beta_energies": [
    -45.15172869565215,
    -27.303290434782618,
    -26.53232000000001,
    -28.07426086956522,
    -31.187172173913044,
    -35.07105391304348,
    -30.387172173913044,
    -41.66784695652172,
    -24.21940869565218,
    -19.50649739130435
  ],
  "magnetizations": [
    0.9375,
    0.6875,
    0.6875,
    0.6875,
    0.75,
    0.8125,
    0.6875,
    0.90625,
    0.6875,
    0.5
  ],
  "sweeps": 800,
  "compress": "deflate",
  "lattice_size": 4
}