{
  "lattice": "eJyLilq6NCpq6VIAEMoD/Q==",
  "beta_j": -0.20150363636363636,
  "beta_h": 0.4,
  "j2j1ratio": 1,
  "beta_energies": [
    -116.06609454545459,
    -116.06609454545459,
    -116.06609454545459,
    -116.06609454545459,
    -116.06609454545459,
    -109.61196363636364,
    -116.06609454545459,
    -116.06609454545459,
    -116.06609454545459,
    -109.61196363636364
  ],
  "magnetizations": [
    0,
    0,
    0,
    0,
    0,
    0.03125,
    0,
    0,
    0,
    0.03125
  ],
  "sweeps": 100,
  "compress": "deflate",
  "lattice_size": 4
}