{
  "lattice": "eJx73Rq6ddGk1FwAFf8EgQ==",
  "beta_j": -0.27706749999999997,
  "beta_h": 0.4,
  "j2j1ratio": -0.5,
  "beta_energies": [
    -15.207509999999992,
    -14.653375000000004,
    -9.974429999999998,
    -8.495485,
    -14.89924,
    -12.928564999999997,
    -9.357889999999996,
    -11.820295,
    -14.282699999999998,
    -9.23308
  ],
  "magnetizations": [
    0.03125,
    0.03125,
    0,
    0.09375,
    0.0625,
    0.09375,
    0.0625,
    0.09375,
    0.125,
    0.1875
  ],
  "sweeps": 100,
  "compress": "deflate",
  "lattice_size": 4
}