{
  "lattice": "AfsBvwH5AX8B/wF/Av8=",
  "beta_j": 0.221654,
  "beta_h": 0.2,
  "j2j1ratio": 0,
  "beta_energies": [
    -40.54494399999998,
    -52.29772,
    -38.77171199999998,
    -47.951255999999994,
    -44.00479199999998,
    -43.11817599999998,
    -39.658327999999976,
    -35.311863999999986,
    -49.237871999999996,
    -46.178023999999986
  ],
  "magnetizations": [
    0.8125,
    0.96875,
    0.8125,
    0.90625,
    0.875,
    0.875,
    0.8125,
    0.75,
    0.9375,
    0.90625
  ],
  "sweeps": 800,
  "compress": "rle",
  "lattice_size": 4
}