{
  "lattice": "eJxbfpb1VdDE8FkAE84EOA==",
  "beta_j": -0.221654,
  "beta_h": 0,
  "j2j1ratio": 0,
  "beta_energies": [
    -6.206312,
    -15.959087999999985,
    -13.299239999999994,
    -15.959087999999984,
    -20.392167999999987,
    -36.35125599999999,
    -25.711863999999977,
    -26.59847999999998,
    -25.711863999999977,
    -37.237871999999996
  ],
  "magnetizations": [
    0,
    0.03125,
    -0.03125,
    0.0625,
    0.03125,
    0.03125,
    0.09375,
    0.03125,
    0,
    0
  ],
  "sweeps": 100,
  "compress": "deflate",
  "lattice_size": 4
}