{
  "lattice": "eJzbd8fr3f/6L/4AGg4FlA==",
  "beta_j": 0.19274260869565216,
  "beta_h": 0.4,
  "j2j1ratio": -0.5,
  "beta_energies": [
    -13.098396521739133,
    -14.225822608695651,
    -14.553248695652172,
    -13.011307826086954,
    -14.312911304347828,
    -6.283881739130434,
    -13.811307826086956,
    -18.28388173913044,
    -14.225822608695651,
    -9.040337391304346
  ],
  "magnetizations": [
    0.40625,
    0.375,
    0.3125,
    0.3125,
    0.46875,
    0.125,
    0.34375,
    0.59375,
    0.375,
    0.1875
  ],
  "sweeps": 800,
  "compress": "deflate",
  "lattice_size": 4
}