{
  "lattice": "eJxbujQqeunSqCgAEycD/g==",
  "beta_j": -0.221654,
  "beta_h": 0,
  "j2j1ratio": 0.5,
  "beta_energies": [
    -79.79544,
    -85.11513600000002,
    -85.11513600000002,
    -85.11513600000002,
    -85.11513600000002,
    -85.11513600000002,
    -85.11513600000002,
    -85.11513600000002,
    -85.11513600000002,
    -85.11513600000002
  ],
  "magnetizations": [
    0.03125,
    0,
    0,
    0,
    0,
    0,
    0,
    0,
    0,
    0
  ],
  "sweeps": 100,
  "compress": "deflate",
  "lattice_size": 4
}