{
  "lattice": "eJzblRU1b5eTaBgAEh4DhA==",
  "beta_j": -0.23331999999999997,
  "beta_h": 0.2,
  "j2j1ratio": -1,
  "beta_energies": [
    -17.732319999999998,
    -24.131999999999998,
    -17.46576,
    -25.865279999999995,
    -18.798879999999997,
    -24.665279999999996,
    -12.66608,
    -15.732479999999999,
    -23.198719999999998,
    -18.53232
  ],
  "magnetizations": [
    0,
    0.0625,
    0.125,
    0.125,
    -0.0625,
    0.03125,
    0.1875,
    0.0625,
    0.0625,
    0.0625
  ],
  "sweeps": 100,
  "compress": "deflate",
  "lattice_size": 4
}