{
  "lattice": "AfkBvwH7Ab8E/w==",
  "beta_j": 0.221654,
  "beta_h": 0.4,
  "j2j1ratio": 0,
  "beta_energies": [
    -55.29140799999998,
    -59.551255999999995,
    -68.15756800000001,
    -61.23787199999999,
    -61.237871999999996,
    -56.97802399999999,
    -68.15756800000001,
    -64.69772,
    -68.15756800000001,
    -61.23787199999999
  ],
  "magnetizations": [
    0.84375,
    0.90625,
    1,
    0.9375,
    0.9375,
    0.875,
    1,
    0.96875,
    1,
    0.9375
  ],
  "sweeps": 800,
  "compress": "rle",
  "lattice_size": 4
}