{
  "lattice": "eJxbFJ25t+bV9lIAFE0Etg==",
  "beta_j": -0.2110990476190476,
  "beta_h": 0.4,
  "j2j1ratio": 0,
  "beta_energies": [
    -10.666377142857142,
    -15.77715047619047,
    -9.11077333333333,
    -19.154735238095228,
    -14.97715047619047,
    -7.288792380952382,
    -17.42154666666666,
    -14.932754285714282,
    -24.30990476190474,
    -15.82154666666666
  ],
  "magnetizations": [
    0.21875,
    0.1875,
    0.125,
    0.1875,
    0.15625,
    0.21875,
    0.21875,
    0.1875,
    0.125,
    0.15625
  ],
  "sweeps": 100,
  "compress": "deflate",
  "lattice_size": 4
}