{
  "lattice": "AfQB1AGQAfABsAH4AfQB0A==",
  "beta_j": 0.26076941176470586,
  "beta_h": 0.2,
  "j2j1ratio": -1,
  "beta_energies": [
    -31.935407058823515,
    -39.39387294117645,
    -26.233863529411753,
    -28.963096470588223,
    -40.836950588235275,
    -20.37539764705882,
    -18.932319999999994,
    -21.41847529411764,
    -23.74770823529411,
    -32.33540705882352
  ],
  "magnetizations": [
    -0.03125,
    0.0625,
    0.09375,
    0.0625,
    0.09375,
    0.125,
    0.09375,
    0.125,
    0.0625,
    0
  ],
  "sweeps": 800,
  "compress": "rle",
  "lattice_size": 4
}