{
  "lattice": "eJyLilq6NCpq6VIAEMoD/Q==",
  "beta_j": -0.19274260869565216,
  "beta_h": 0.2,
  "j2j1ratio": 0.5,
  "beta_energies": [
    -74.01316173913042,
    -74.01316173913042,
    -68.98733913043475,
    -74.01316173913042,
    -69.78733913043476,
    -74.01316173913042,
    -74.01316173913042,
    -65.56151652173908,
    -74.01316173913042,
    -74.01316173913042
  ],
  "magnetizations": [
    0,
    0,
    -0.03125,
    0,
    0.03125,
    0,
    0,
    0.0625,
    0,
    0
  ],
  "sweeps": 100,
  "compress": "deflate",
  "lattice_size": 4
}