{
  "lattice": "CP8=",
  "beta_j": 0.26076941176470586,
  "beta_h": 0.2,
  "j2j1ratio": 1,
  "beta_energies": [
    -163.00318117647052,
    -163.00318117647052,
    -163.00318117647052,
    -163.00318117647052,
    -163.00318117647052,
    -163.00318117647052,
    -163.00318117647052,
    -163.00318117647052,
    -163.00318117647052,
    -163.00318117647052
  ],
  "magnetizations": [
    1,
    1,
    1,
    1,
    1,
    1,
    1,
    1,
    1,
    1
  ],
  "sweeps": 800,
  "compress": "rle",
  "lattice_size": 4
}