{
  "lattice": "eJz78sm7qzRUWwMAFgsD2Q==",
  "beta_j": -0.221654,
  "beta_h": 0.2,
  "j2j1ratio": -1,
  "beta_energies": [
    -20.392167999999998,
    -17.732319999999998,
    -13.612624,
    -24.738631999999996,
    -13.126007999999999,
    -14.899239999999999,
    -19.592167999999997,
    -25.138631999999994,
    -13.69924,
    -7.406312000000001
  ],
  "magnetizations": [
    0,
    0,
    0.09375,
    0.0625,
    0.125,
    0.125,
    -0.0625,
    0.09375,
    0.03125,
    0.09375
  ],
  "sweeps": 100,
  "compress": "deflate",
  "lattice_size": 4
}