{
  "lattice": "eJz7//33z3dvvn8HACLhB7M=",
  "beta_j": 0.18471166666666666,
  "beta_h": 0.4,
  "j2j1ratio": 0,
  "beta_energies": [
    -33.79347333333334,
    -55.03155999999997,
    -42.16539999999999,
    -50.476173333333314,
    -41.365399999999994,
    -55.03155999999997,
    -52.01501999999998,
    -40.626553333333334,
    -52.01501999999998,
    -52.01501999999998
  ],
  "magnetizations": [
    0.65625,
    0.9375,
    0.78125,
    0.875,
    0.75,
    0.9375,
    0.90625,
    0.75,
    0.90625,
    0.90625
  ],
  "sweeps": 800,
  "compress": "deflate",
  "lattice_size": 4
}