{
  "lattice": "eJxj+3WTK/FWmAQAESwDjQ==",
  "beta_j": -0.26076941176470586,
  "beta_h": 0,
  "j2j1ratio": -0.5,
  "beta_energies": [
    -9.90923764705882,
    -4.172310588235295,
    -10.952315294117641,
    -14.603087058823522,
    -10.430776470588231,
    -16.16770352941176,
    -10.430776470588235,
    -7.301543529411762,
    -8.866159999999997,
    -12.516931764705877
  ],
  "magnetizations": [
    -0.09375,
    -0.09375,
    0,
    -0.0625,
    0.03125,
    0,
    -0.03125,
    -0.03125,
    -0.125,
    -0.0625
  ],
  "sweeps": 100,
  "compress": "deflate",
  "lattice_size": 4
}