{
  "lattice": "Ab8B+gH4Af4B/wH6AZQB/w==",
  "beta_j": 0.221654,
  "beta_h": 0.6,
  "j2j1ratio": -0.5,
  "beta_energies": [
    -27.36300399999999,
    -22.616539999999993,
    -27.103155999999995,
    -20.552776,
    -23.57954399999999,
    -23.816539999999996,
    -23.31969599999999,
    -30.022851999999986,
    -20.843307999999997,
    -14.346463999999997
  ],
  "magnetizations": [
    0.5625,
    0.53125,
    0.625,
    0.28125,
    0.40625,
    0.5625,
    0.46875,
    0.5625,
    0.53125,
    0.28125
  ],
  "sweeps": 800,
  "compress": "rle",
  "lattice_size": 4
}