{
  "lattice": "eJyLio4IyfJ+FQUADcADWw==",
  "beta_j": -0.23331999999999997,
  "beta_h": 0,
  "j2j1ratio": -1,
  "beta_energies": [
    -25.198559999999997,
    -26.13183999999999,
    -35.46463999999996,
    -20.532159999999998,
    -20.532159999999998,
    -19.598879999999998,
    -29.864959999999982,
    -17.732319999999998,
    -21.465439999999997,
    -18.665599999999998
  ],
  "magnetizations": [
    0,
    -0.03125,
    0.09375,
    -0.03125,
    0.03125,
    -0.03125,
    -0.0625,
    -0.03125,
    0.09375,
    -0.03125
  ],
  "sweeps": 100,
  "compress": "deflate",
  "lattice_size": 4
}