{
  "lattice": "AbsB5wGrAf4BjwGuAb8B3w==",
  "beta_j": 0.20150363636363636,
  "beta_h": 0.6,
  "j2j1ratio": -0.5,
  "beta_energies": [
    -22.82706545454545,
    -19.621050909090908,
    -16.451123636363636,
    -27.645109090909084,
    -20.445109090909085,
    -26.830072727272725,
    -23.248116363636356,
    -19.64811636363636,
    -16.030072727272728,
    -27.260145454545448
  ],
  "magnetizations": [
    0.5,
    0.4375,
    0.25,
    0.5625,
    0.375,
    0.59375,
    0.4375,
    0.34375,
    0.3125,
    0.5
  ],
  "sweeps": 800,
  "compress": "rle",
  "lattice_size": 4
}