{
  "lattice": "AZoBAQHXAXUBBAFEAb8Bfw==",
  "beta_j": 0.24628222222222224,
  "beta_h": 0,
  "j2j1ratio": -1,
  "beta_energies": [
    -22.65796444444444,
    -14.776933333333334,
    -18.717448888888885,
    -21.67283555555555,
    -20.687706666666664,
    -19.702577777777773,
    -30.538995555555545,
    -20.687706666666664,
    -26.598479999999988,
    -16.747191111111107
  ],
  "magnetizations": [
    0.03125,
    -0.0625,
    -0.03125,
    -0.03125,
    -0.09375,
    -0.125,
    0.03125,
    0.0625,
    0.03125,
    0.15625
  ],
  "sweeps": 800,
  "compress": "rle",
  "lattice_size": 4
}