{
  "lattice": "AVQBzQEzAbsBfgHkAXsBvw==",
  "beta_j": 0.221654,
  "beta_h": 0.6,
  "j2j1ratio": -1,
  "beta_energies": [
    -22.326008,
    -27.225247999999993,
    -22.326007999999998,
    -21.959087999999998,
    -15.859848,
    -29.105551999999996,
    -24.09924,
    -20.346463999999997,
    -21.072471999999998,
    -19.039392
  ],
  "magnetizations": [
    0.28125,
    0.0625,
    0.28125,
    0.15625,
    0.34375,
    0.25,
    0.28125,
    0.4375,
    0.15625,
    0.21875
  ],
  "sweeps": 800,
  "compress": "rle",
  "lattice_size": 4
}