{
  "lattice": "eJxbEDw/jKsrtwYAD9EDZg==",
  "beta_j": -0.20150363636363636,
  "beta_h": 0,
  "j2j1ratio": -1,
  "beta_energies": [
    -13.702247272727273,
    -11.284203636363639,
    -14.508261818181815,
    -10.47818909090909,
    -8.86616,
    -18.53833454545454,
    -16.926305454545453,
    -5.642101818181819,
    -11.284203636363635,
    -11.284203636363632
  ],
  "magnetizations": [
    -0.03125,
    0,
    0,
    0,
    -0.15625,
    -0.09375,
    -0.03125,
    0.0625,
    0.09375,
    0
  ],
  "sweeps": 100,
  "compress": "deflate",
  "lattice_size": 4
}