{
  "lattice": "eJw79Hvp0ior/QMAF8AEqw==",
  "beta_j": -0.24628222222222224,
  "beta_h": 0.6,
  "j2j1ratio": 0,
  "beta_energies": [
    -17.176933333333334,
    -30.628222222222234,
    -19.362062222222225,
    -35.55386666666668,
    -36.75386666666668,
    -18.806675555555557,
    -29.643093333333347,
    -16.281031111111112,
    -22.19180444444445,
    -14.651288888888889
  ],
  "magnetizations": [
    0.0625,
    0.15625,
    0.09375,
    0.15625,
    0.1875,
    0.15625,
    0.15625,
    0.21875,
    0.21875,
    0.125
  ],
  "sweeps": 100,
  "compress": "deflate",
  "lattice_size": 4
}