{
  "lattice": "eJybuvy+4IldpSIAFRwEOA==",
  "beta_j": -0.19274260869565216,
  "beta_h": 0,
  "j2j1ratio": -0.5,
  "beta_energies": [
    -5.39679304347826,
    -5.011307826086956,
    -7.709704347826085,
    -3.8548521739130437,
    -0.7709704347826085,
    -5.39679304347826,
    -4.625822608695651,
    -1.9274260869565212,
    -6.553248695652172,
    -6.167763478260868
  ],
  "magnetizations": [
    0.03125,
    0.0625,
    0.03125,
    -0.09375,
    -0.03125,
    -0.03125,
    0.03125,
    -0.1875,
    0.03125,
    0
  ],
  "sweeps": 100,
  "compress": "deflate",
  "lattice_size": 4
}