{
  "lattice": "eJzLsTFf7im3eSkADSIDRg==",
  "beta_j": -0.23331999999999997,
  "beta_h": 0.4,
  "j2j1ratio": 0,
  "beta_energies": [
    -13.732640000000002,
    -19.065760000000008,
    -31.464960000000023,
    -11.599519999999998,
    -10.39968,
    -7.99968,
    -12.93264,
    -19.599200000000003,
    -21.732320000000012,
    -29.998560000000015
  ],
  "magnetizations": [
    0.0625,
    0.125,
    0.0625,
    0.125,
    0.1875,
    0.09375,
    0.03125,
    0.21875,
    0.15625,
    0.1875
  ],
  "sweeps": 100,
  "compress": "deflate",
  "lattice_size": 4
}