{
  "lattice": "eJzLqpr69FTc1qUAFPYE4Q==",
  "beta_j": -0.26076941176470586,
  "beta_h": 0.2,
  "j2j1ratio": 0,
  "beta_energies": [
    -28.720018823529397,
    -38.350795294117624,
    -27.276941176470572,
    -39.39387294117645,
    -37.79387294117645,
    -42.12310588235292,
    -31.049251764705865,
    -26.076941176470573,
    -29.60617411764704,
    -28.563096470588217
  ],
  "magnetizations": [
    0.125,
    0.0625,
    0.09375,
    0.0625,
    -0.0625,
    0.03125,
    0.0625,
    0,
    0.03125,
    0.03125
  ],
  "sweeps": 100,
  "compress": "deflate",
  "lattice_size": 4
}