{
  "lattice": "eJybuty/0nLfsakAErcEVw==",
  "beta_j": -0.18471166666666666,
  "beta_h": 0.4,
  "j2j1ratio": -0.5,
  "beta_energies": [
    -9.541350000000001,
    -6.647116666666667,
    -10.341350000000002,
    -12.00500666666667,
    -7.080196666666667,
    -8.555386666666667,
    -8.555386666666669,
    -5.663656666666666,
    -6.03308,
    -10.896736666666667
  ],
  "magnetizations": [
    0.15625,
    0.1875,
    0.1875,
    0.09375,
    0.03125,
    0.21875,
    0.21875,
    0.0625,
    0.0625,
    0.09375
  ],
  "sweeps": 100,
  "compress": "deflate",
  "lattice_size": 4
}