{
  "lattice": "eJyLcoy7damo6hYAEYEEbA==",
  "beta_j": -0.26076941176470586,
  "beta_h": 0.2,
  "j2j1ratio": -1,
  "beta_energies": [
    -25.833863529411754,
    -24.79078588235293,
    -25.433863529411752,
    -27.5200188235294,
    -25.433863529411752,
    -35.221562352941156,
    -28.56309647058822,
    -37.15079529411763,
    -38.350795294117624,
    -40.43695058823527
  ],
  "magnetizations": [
    0.0625,
    0.0625,
    0.03125,
    0.03125,
    0.03125,
    0.0625,
    0.03125,
    -0.03125,
    0.0625,
    0.0625
  ],
  "sweeps": 100,
  "compress": "deflate",
  "lattice_size": 4
}