{
  "lattice": "eJxbujyqbunSqCgAE+QEIw==",
  "beta_j": -0.19274260869565216,
  "beta_h": 0.4,
  "j2j1ratio": 0.5,
  "beta_energies": [
    -63.692149565217356,
    -74.01316173913042,
    -74.01316173913042,
    -70.18733913043475,
    -74.01316173913042,
    -74.01316173913042,
    -66.36151652173908,
    -74.01316173913042,
    -74.01316173913042,
    -66.36151652173908
  ],
  "magnetizations": [
    0.09375,
    0,
    0,
    0.03125,
    0,
    0,
    0.0625,
    0,
    0,
    0.0625
  ],
  "sweeps": 100,
  "compress": "deflate",
  "lattice_size": 4
}