{
  "lattice": "Bv8BfwH/",
  "beta_j": 0.27706749999999997,
  "beta_h": 0.6,
  "j2j1ratio": 0,
  "beta_energies": [
    -87.07215000000005,
    -87.07215000000005,
    -87.07215000000005,
    -82.54734000000005,
    -91.59696000000008,
    -82.54734000000005,
    -91.59696000000008,
    -87.07215000000005,
    -87.07215000000005,
    -87.07215000000005
  ],
  "magnetizations": [
    0.96875,
    0.96875,
    0.96875,
    0.9375,
    1,
    0.9375,
    1,
    0.96875,
    0.96875,
    0.96875
  ],
  "sweeps": 800,
  "compress": "rle",
  "lattice_size": 4
}