{
  "lattice": "AfcB/wF3AX8E/w==",
  "beta_j": 0.24628222222222224,
  "beta_h": 0.2,
  "j2j1ratio": 0,
  "beta_energies": [
    -49.620026666666696,
    -50.02002666666669,
    -56.73080000000002,
    -39.55386666666669,
    -44.294382222222254,
    -43.309253333333345,
    -60.08618666666669,
    -53.375413333333356,
    -47.64976888888891,
    -56.73080000000002
  ],
  "magnetizations": [
    0.875,
    0.90625,
    0.96875,
    0.78125,
    0.84375,
    0.84375,
    1,
    0.9375,
    0.875,
    0.96875
  ],
  "sweeps": 800,
  "compress": "rle",
  "lattice_size": 4
}