{
  "lattice": "CP8=",
  "beta_j": 0.23331999999999997,
  "beta_h": 0.6,
  "j2j1ratio": 0.5,
  "beta_energies": [
    -127.99487999999994,
    -127.99487999999994,
    -127.99487999999994,
    -127.99487999999994,
    -127.99487999999994,
    -121.19519999999997,
    -127.99487999999994,
    -127.99487999999994,
    -127.99487999999994,
    -127.99487999999994
  ],
  "magnetizations": [
    1,
    1,
    1,
    1,
    1,
    0.96875,
    1,
    1,
    1,
    1
  ],
  "sweeps": 800,
  "compress": "rle",
  "lattice_size": 4
}