{
  "lattice": "AS4BbwH1AY8B/wHvAXMB/w==",
  "beta_j": 0.221654,
  "beta_h": 0.4,
  "j2j1ratio": -0.5,
  "beta_energies": [
    -15.373231999999998,
    -14.919695999999995,
    -12.24962,
    -8.606311999999999,
    -16.866159999999994,
    -12.346464000000001,
    -19.622851999999988,
    -11.536236,
    -12.24962,
    -12.422851999999999
  ],
  "magnetizations": [
    0.53125,
    0.375,
    0.21875,
    0.09375,
    0.3125,
    0.34375,
    0.4375,
    0.15625,
    0.21875,
    0.15625
  ],
  "sweeps": 800,
  "compress": "rle",
  "lattice_size": 4
}