{
  "lattice": "eJwrWBOeatl6/ikAETUESw==",
  "beta_j": -0.19274260869565216,
  "beta_h": 0,
  "j2j1ratio": -1,
  "beta_energies": [
    -12.335526956521736,
    -9.251645217391303,
    -14.648438260869561,
    -13.106497391304345,
    -10.793586086956518,
    -12.335526956521736,
    -10.793586086956518,
    -13.106497391304345,
    -13.877467826086953,
    -14.648438260869561
  ],
  "magnetizations": [
    0.0625,
    0,
    0,
    0.03125,
    -0.03125,
    -0.09375,
    0.03125,
    -0.03125,
    -0.03125,
    0.09375
  ],
  "sweeps": 100,
  "compress": "deflate",
  "lattice_size": 4
}